Prefecture,Category,Item,Value,Date,Primary_source,Secondary_source
Hokkaido,Population,Total,5320,2017-10-01,https://www.mhlw.go.jp/toukei/youran/indexyk_1_1.html,
Aomori,Population,Total,1278,2017-10-01,https://www.mhlw.go.jp/toukei/youran/indexyk_1_1.html,
Iwate,Population,Total,1255,2017-10-01,https://www.mhlw.go.jp/toukei/youran/indexyk_1_1.html,
Miyagi,Population,Total,2323,2017-10-01,https://www.mhlw.go.jp/toukei/youran/indexyk_1_1.html,
Akita,Population,Total,996,2017-10-01,https://www.mhlw.go.jp/toukei/youran/indexyk_1_1.html,
Yamagata,Population,Total,1102,2017-10-01,https://www.mhlw.go.jp/toukei/youran/indexyk_1_1.html,
Fukushima,Population,Total,1882,2017-10-01,https://www.mhlw.go.jp/toukei/youran/indexyk_1_1.html,
Ibaraki,Population,Total,2892,2017-10-01,https://www.mhlw.go.jp/toukei/youran/indexyk_1_1.html,
Tochigi,Population,Total,1957,2017-10-01,https://www.mhlw.go.jp/toukei/youran/indexyk_1_1.html,
Gunma,Population,Total,1960,2017-10-01,https://www.mhlw.go.jp/toukei/youran/indexyk_1_1.html,
Saitama,Population,Total,7310,2017-10-01,https://www.mhlw.go.jp/toukei/youran/indexyk_1_1.html,
Chiba,Population,Total,6246,2017-10-01,https://www.mhlw.go.jp/toukei/youran/indexyk_1_1.html,
Tokyo,Population,Total,13724,2017-10-01,https://www.mhlw.go.jp/toukei/youran/indexyk_1_1.html,
Kanagawa,Population,Total,9159,2017-10-01,https://www.mhlw.go.jp/toukei/youran/indexyk_1_1.html,
Niigata,Population,Total,2267,2017-10-01,https://www.mhlw.go.jp/toukei/youran/indexyk_1_1.html,
Toyama,Population,Total,1056,2017-10-01,https://www.mhlw.go.jp/toukei/youran/indexyk_1_1.html,
Ishikawa,Population,Total,1147,2017-10-01,https://www.mhlw.go.jp/toukei/youran/indexyk_1_1.html,
Fukui,Population,Total,779,2017-10-01,https://www.mhlw.go.jp/toukei/youran/indexyk_1_1.html,
Yamanashi,Population,Total,823,2017-10-01,https://www.mhlw.go.jp/toukei/youran/indexyk_1_1.html,
Nagano,Population,Total,2076,2017-10-01,https://www.mhlw.go.jp/toukei/youran/indexyk_1_1.html,
Gifu,Population,Total,2008,2017-10-01,https://www.mhlw.go.jp/toukei/youran/indexyk_1_1.html,
Shizuoka,Population,Total,3675,2017-10-01,https://www.mhlw.go.jp/toukei/youran/indexyk_1_1.html,
Aichi,Population,Total,7525,2017-10-01,https://www.mhlw.go.jp/toukei/youran/indexyk_1_1.html,
Mie,Population,Total,1800,2017-10-01,https://www.mhlw.go.jp/toukei/youran/indexyk_1_1.html,
Shiga,Population,Total,1413,2017-10-01,https://www.mhlw.go.jp/toukei/youran/indexyk_1_1.html,
Kyoto,Population,Total,2599,2017-10-01,https://www.mhlw.go.jp/toukei/youran/indexyk_1_1.html,
Osaka,Population,Total,8823,2017-10-01,https://www.mhlw.go.jp/toukei/youran/indexyk_1_1.html,
Hyogo,Population,Total,5503,2017-10-01,https://www.mhlw.go.jp/toukei/youran/indexyk_1_1.html,
Nara,Population,Total,1348,2017-10-01,https://www.mhlw.go.jp/toukei/youran/indexyk_1_1.html,
Wakayama,Population,Total,945,2017-10-01,https://www.mhlw.go.jp/toukei/youran/indexyk_1_1.html,
Tottori,Population,Total,565,2017-10-01,https://www.mhlw.go.jp/toukei/youran/indexyk_1_1.html,
Shimane,Population,Total,685,2017-10-01,https://www.mhlw.go.jp/toukei/youran/indexyk_1_1.html,
Okayama,Population,Total,1907,2017-10-01,https://www.mhlw.go.jp/toukei/youran/indexyk_1_1.html,
Hiroshima,Population,Total,2829,2017-10-01,https://www.mhlw.go.jp/toukei/youran/indexyk_1_1.html,
Yamaguchi,Population,Total,1383,2017-10-01,https://www.mhlw.go.jp/toukei/youran/indexyk_1_1.html,
Tokushima,Population,Total,743,2017-10-01,https://www.mhlw.go.jp/toukei/youran/indexyk_1_1.html,
Kagawa,Population,Total,967,2017-10-01,https://www.mhlw.go.jp/toukei/youran/indexyk_1_1.html,
Ehime,Population,Total,1364,2017-10-01,https://www.mhlw.go.jp/toukei/youran/indexyk_1_1.html,
Kochi,Population,Total,714,2017-10-01,https://www.mhlw.go.jp/toukei/youran/indexyk_1_1.html,
Fukuoka,Population,Total,5107,2017-10-01,https://www.mhlw.go.jp/toukei/youran/indexyk_1_1.html,
Saga,Population,Total,824,2017-10-01,https://www.mhlw.go.jp/toukei/youran/indexyk_1_1.html,
Nagasaki,Population,Total,1354,2017-10-01,https://www.mhlw.go.jp/toukei/youran/indexyk_1_1.html,
Kumamoto,Population,Total,1765,2017-10-01,https://www.mhlw.go.jp/toukei/youran/indexyk_1_1.html,
Oita,Population,Total,1152,2017-10-01,https://www.mhlw.go.jp/toukei/youran/indexyk_1_1.html,
Miyazaki,Population,Total,1089,2017-10-01,https://www.mhlw.go.jp/toukei/youran/indexyk_1_1.html,
Kagoshima,Population,Total,1626,2017-10-01,https://www.mhlw.go.jp/toukei/youran/indexyk_1_1.html,
Okinawa,Population,Total,1443,2017-10-01,https://www.mhlw.go.jp/toukei/youran/indexyk_1_1.html,
Hokkaido,Population,Male,2506,2017-10-01,https://www.mhlw.go.jp/toukei/youran/indexyk_1_1.html,
Aomori,Population,Male,600,2017-10-01,https://www.mhlw.go.jp/toukei/youran/indexyk_1_1.html,
Iwate,Population,Male,604,2017-10-01,https://www.mhlw.go.jp/toukei/youran/indexyk_1_1.html,
Miyagi,Population,Male,1136,2017-10-01,https://www.mhlw.go.jp/toukei/youran/indexyk_1_1.html,
Akita,Population,Male,468,2017-10-01,https://www.mhlw.go.jp/toukei/youran/indexyk_1_1.html,
Yamagata,Population,Male,531,2017-10-01,https://www.mhlw.go.jp/toukei/youran/indexyk_1_1.html,
Fukushima,Population,Male,932,2017-10-01,https://www.mhlw.go.jp/toukei/youran/indexyk_1_1.html,
Ibaraki,Population,Male,1442,2017-10-01,https://www.mhlw.go.jp/toukei/youran/indexyk_1_1.html,
Tochigi,Population,Male,974,2017-10-01,https://www.mhlw.go.jp/toukei/youran/indexyk_1_1.html,
Gunma,Population,Male,968,2017-10-01,https://www.mhlw.go.jp/toukei/youran/indexyk_1_1.html,
Saitama,Population,Male,3648,2017-10-01,https://www.mhlw.go.jp/toukei/youran/indexyk_1_1.html,
Chiba,Population,Male,3103,2017-10-01,https://www.mhlw.go.jp/toukei/youran/indexyk_1_1.html,
Tokyo,Population,Male,6760,2017-10-01,https://www.mhlw.go.jp/toukei/youran/indexyk_1_1.html,
Kanagawa,Population,Male,4569,2017-10-01,https://www.mhlw.go.jp/toukei/youran/indexyk_1_1.html,
Niigata,Population,Male,1098,2017-10-01,https://www.mhlw.go.jp/toukei/youran/indexyk_1_1.html,
Toyama,Population,Male,511,2017-10-01,https://www.mhlw.go.jp/toukei/youran/indexyk_1_1.html,
Ishikawa,Population,Male,556,2017-10-01,https://www.mhlw.go.jp/toukei/youran/indexyk_1_1.html,
Fukui,Population,Male,378,2017-10-01,https://www.mhlw.go.jp/toukei/youran/indexyk_1_1.html,
Yamanashi,Population,Male,403,2017-10-01,https://www.mhlw.go.jp/toukei/youran/indexyk_1_1.html,
Nagano,Population,Male,1012,2017-10-01,https://www.mhlw.go.jp/toukei/youran/indexyk_1_1.html,
Gifu,Population,Male,973,2017-10-01,https://www.mhlw.go.jp/toukei/youran/indexyk_1_1.html,
Shizuoka,Population,Male,1810,2017-10-01,https://www.mhlw.go.jp/toukei/youran/indexyk_1_1.html,
Aichi,Population,Male,3764,2017-10-01,https://www.mhlw.go.jp/toukei/youran/indexyk_1_1.html,
Mie,Population,Male,877,2017-10-01,https://www.mhlw.go.jp/toukei/youran/indexyk_1_1.html,
Shiga,Population,Male,697,2017-10-01,https://www.mhlw.go.jp/toukei/youran/indexyk_1_1.html,
Kyoto,Population,Male,1242,2017-10-01,https://www.mhlw.go.jp/toukei/youran/indexyk_1_1.html,
Osaka,Population,Male,4241,2017-10-01,https://www.mhlw.go.jp/toukei/youran/indexyk_1_1.html,
Hyogo,Population,Male,2624,2017-10-01,https://www.mhlw.go.jp/toukei/youran/indexyk_1_1.html,
Nara,Population,Male,635,2017-10-01,https://www.mhlw.go.jp/toukei/youran/indexyk_1_1.html,
Wakayama,Population,Male,444,2017-10-01,https://www.mhlw.go.jp/toukei/youran/indexyk_1_1.html,
Tottori,Population,Male,270,2017-10-01,https://www.mhlw.go.jp/toukei/youran/indexyk_1_1.html,
Shimane,Population,Male,330,2017-10-01,https://www.mhlw.go.jp/toukei/youran/indexyk_1_1.html,
Okayama,Population,Male,916,2017-10-01,https://www.mhlw.go.jp/toukei/youran/indexyk_1_1.html,
Hiroshima,Population,Male,1372,2017-10-01,https://www.mhlw.go.jp/toukei/youran/indexyk_1_1.html,
Yamaguchi,Population,Male,655,2017-10-01,https://www.mhlw.go.jp/toukei/youran/indexyk_1_1.html,
Tokushima,Population,Male,354,2017-10-01,https://www.mhlw.go.jp/toukei/youran/indexyk_1_1.html,
Kagawa,Population,Male,469,2017-10-01,https://www.mhlw.go.jp/toukei/youran/indexyk_1_1.html,
Ehime,Population,Male,645,2017-10-01,https://www.mhlw.go.jp/toukei/youran/indexyk_1_1.html,
Kochi,Population,Male,336,2017-10-01,https://www.mhlw.go.jp/toukei/youran/indexyk_1_1.html,
Fukuoka,Population,Male,2415,2017-10-01,https://www.mhlw.go.jp/toukei/youran/indexyk_1_1.html,
Saga,Population,Male,389,2017-10-01,https://www.mhlw.go.jp/toukei/youran/indexyk_1_1.html,
Nagasaki,Population,Male,636,2017-10-01,https://www.mhlw.go.jp/toukei/youran/indexyk_1_1.html,
Kumamoto,Population,Male,833,2017-10-01,https://www.mhlw.go.jp/toukei/youran/indexyk_1_1.html,
Oita,Population,Male,546,2017-10-01,https://www.mhlw.go.jp/toukei/youran/indexyk_1_1.html,
Miyazaki,Population,Male,512,2017-10-01,https://www.mhlw.go.jp/toukei/youran/indexyk_1_1.html,
Kagoshima,Population,Male,763,2017-10-01,https://www.mhlw.go.jp/toukei/youran/indexyk_1_1.html,
Okinawa,Population,Male,709,2017-10-01,https://www.mhlw.go.jp/toukei/youran/indexyk_1_1.html,
Hokkaido,Population,Female,2814,2017-10-01,https://www.mhlw.go.jp/toukei/youran/indexyk_1_1.html,
Aomori,Population,Female,678,2017-10-01,https://www.mhlw.go.jp/toukei/youran/indexyk_1_1.html,
Iwate,Population,Female,651,2017-10-01,https://www.mhlw.go.jp/toukei/youran/indexyk_1_1.html,
Miyagi,Population,Female,1188,2017-10-01,https://www.mhlw.go.jp/toukei/youran/indexyk_1_1.html,
Akita,Population,Female,528,2017-10-01,https://www.mhlw.go.jp/toukei/youran/indexyk_1_1.html,
Yamagata,Population,Female,571,2017-10-01,https://www.mhlw.go.jp/toukei/youran/indexyk_1_1.html,
Fukushima,Population,Female,951,2017-10-01,https://www.mhlw.go.jp/toukei/youran/indexyk_1_1.html,
Ibaraki,Population,Female,1450,2017-10-01,https://www.mhlw.go.jp/toukei/youran/indexyk_1_1.html,
Tochigi,Population,Female,983,2017-10-01,https://www.mhlw.go.jp/toukei/youran/indexyk_1_1.html,
Gunma,Population,Female,992,2017-10-01,https://www.mhlw.go.jp/toukei/youran/indexyk_1_1.html,
Saitama,Population,Female,3662,2017-10-01,https://www.mhlw.go.jp/toukei/youran/indexyk_1_1.html,
Chiba,Population,Female,3143,2017-10-01,https://www.mhlw.go.jp/toukei/youran/indexyk_1_1.html,
Tokyo,Population,Female,6964,2017-10-01,https://www.mhlw.go.jp/toukei/youran/indexyk_1_1.html,
Kanagawa,Population,Female,4590,2017-10-01,https://www.mhlw.go.jp/toukei/youran/indexyk_1_1.html,
Niigata,Population,Female,1169,2017-10-01,https://www.mhlw.go.jp/toukei/youran/indexyk_1_1.html,
Toyama,Population,Female,544,2017-10-01,https://www.mhlw.go.jp/toukei/youran/indexyk_1_1.html,
Ishikawa,Population,Female,591,2017-10-01,https://www.mhlw.go.jp/toukei/youran/indexyk_1_1.html,
Fukui,Population,Female,401,2017-10-01,https://www.mhlw.go.jp/toukei/youran/indexyk_1_1.html,
Yamanashi,Population,Female,421,2017-10-01,https://www.mhlw.go.jp/toukei/youran/indexyk_1_1.html,
Nagano,Population,Female,1064,2017-10-01,https://www.mhlw.go.jp/toukei/youran/indexyk_1_1.html,
Gifu,Population,Female,1035,2017-10-01,https://www.mhlw.go.jp/toukei/youran/indexyk_1_1.html,
Shizuoka,Population,Female,1866,2017-10-01,https://www.mhlw.go.jp/toukei/youran/indexyk_1_1.html,
Aichi,Population,Female,3761,2017-10-01,https://www.mhlw.go.jp/toukei/youran/indexyk_1_1.html,
Mie,Population,Female,923,2017-10-01,https://www.mhlw.go.jp/toukei/youran/indexyk_1_1.html,
Shiga,Population,Female,716,2017-10-01,https://www.mhlw.go.jp/toukei/youran/indexyk_1_1.html,
Kyoto,Population,Female,1357,2017-10-01,https://www.mhlw.go.jp/toukei/youran/indexyk_1_1.html,
Osaka,Population,Female,4583,2017-10-01,https://www.mhlw.go.jp/toukei/youran/indexyk_1_1.html,
Hyogo,Population,Female,2879,2017-10-01,https://www.mhlw.go.jp/toukei/youran/indexyk_1_1.html,
Nara,Population,Female,712,2017-10-01,https://www.mhlw.go.jp/toukei/youran/indexyk_1_1.html,
Wakayama,Population,Female,501,2017-10-01,https://www.mhlw.go.jp/toukei/youran/indexyk_1_1.html,
Tottori,Population,Female,295,2017-10-01,https://www.mhlw.go.jp/toukei/youran/indexyk_1_1.html,
Shimane,Population,Female,355,2017-10-01,https://www.mhlw.go.jp/toukei/youran/indexyk_1_1.html,
Okayama,Population,Female,991,2017-10-01,https://www.mhlw.go.jp/toukei/youran/indexyk_1_1.html,
Hiroshima,Population,Female,1457,2017-10-01,https://www.mhlw.go.jp/toukei/youran/indexyk_1_1.html,
Yamaguchi,Population,Female,727,2017-10-01,https://www.mhlw.go.jp/toukei/youran/indexyk_1_1.html,
Tokushima,Population,Female,389,2017-10-01,https://www.mhlw.go.jp/toukei/youran/indexyk_1_1.html,
Kagawa,Population,Female,499,2017-10-01,https://www.mhlw.go.jp/toukei/youran/indexyk_1_1.html,
Ehime,Population,Female,719,2017-10-01,https://www.mhlw.go.jp/toukei/youran/indexyk_1_1.html,
Kochi,Population,Female,377,2017-10-01,https://www.mhlw.go.jp/toukei/youran/indexyk_1_1.html,
Fukuoka,Population,Female,2692,2017-10-01,https://www.mhlw.go.jp/toukei/youran/indexyk_1_1.html,
Saga,Population,Female,434,2017-10-01,https://www.mhlw.go.jp/toukei/youran/indexyk_1_1.html,
Nagasaki,Population,Female,718,2017-10-01,https://www.mhlw.go.jp/toukei/youran/indexyk_1_1.html,
Kumamoto,Population,Female,933,2017-10-01,https://www.mhlw.go.jp/toukei/youran/indexyk_1_1.html,
Oita,Population,Female,607,2017-10-01,https://www.mhlw.go.jp/toukei/youran/indexyk_1_1.html,
Miyazaki,Population,Female,577,2017-10-01,https://www.mhlw.go.jp/toukei/youran/indexyk_1_1.html,
Kagoshima,Population,Female,863,2017-10-01,https://www.mhlw.go.jp/toukei/youran/indexyk_1_1.html,
Okinawa,Population,Female,734,2017-10-01,https://www.mhlw.go.jp/toukei/youran/indexyk_1_1.html,
Hokkaido,Area,Total,83424,2015-10-01,,https://ja.wikipedia.org/wiki/%E9%83%BD%E9%81%93%E5%BA%9C%E7%9C%8C%E3%81%AE%E9%9D%A2%E7%A9%8D%E4%B8%80%E8%A6%A7#cite_note-2
Aomori,Area,Total,9646,2015-10-01,,https://ja.wikipedia.org/wiki/%E9%83%BD%E9%81%93%E5%BA%9C%E7%9C%8C%E3%81%AE%E9%9D%A2%E7%A9%8D%E4%B8%80%E8%A6%A7#cite_note-2
Iwate,Area,Total,15275,2015-10-01,,https://ja.wikipedia.org/wiki/%E9%83%BD%E9%81%93%E5%BA%9C%E7%9C%8C%E3%81%AE%E9%9D%A2%E7%A9%8D%E4%B8%80%E8%A6%A7#cite_note-2
Miyagi,Area,Total,7282,2015-10-01,,https://ja.wikipedia.org/wiki/%E9%83%BD%E9%81%93%E5%BA%9C%E7%9C%8C%E3%81%AE%E9%9D%A2%E7%A9%8D%E4%B8%80%E8%A6%A7#cite_note-2
Akita,Area,Total,11638,2015-10-01,,https://ja.wikipedia.org/wiki/%E9%83%BD%E9%81%93%E5%BA%9C%E7%9C%8C%E3%81%AE%E9%9D%A2%E7%A9%8D%E4%B8%80%E8%A6%A7#cite_note-2
Yamagata,Area,Total,9323,2015-10-01,,https://ja.wikipedia.org/wiki/%E9%83%BD%E9%81%93%E5%BA%9C%E7%9C%8C%E3%81%AE%E9%9D%A2%E7%A9%8D%E4%B8%80%E8%A6%A7#cite_note-2
Fukushima,Area,Total,13784,2015-10-01,,https://ja.wikipedia.org/wiki/%E9%83%BD%E9%81%93%E5%BA%9C%E7%9C%8C%E3%81%AE%E9%9D%A2%E7%A9%8D%E4%B8%80%E8%A6%A7#cite_note-2
Ibaraki,Area,Total,6097,2015-10-01,,https://ja.wikipedia.org/wiki/%E9%83%BD%E9%81%93%E5%BA%9C%E7%9C%8C%E3%81%AE%E9%9D%A2%E7%A9%8D%E4%B8%80%E8%A6%A7#cite_note-2
Tochigi,Area,Total,6408,2015-10-01,,https://ja.wikipedia.org/wiki/%E9%83%BD%E9%81%93%E5%BA%9C%E7%9C%8C%E3%81%AE%E9%9D%A2%E7%A9%8D%E4%B8%80%E8%A6%A7#cite_note-2
Gunma,Area,Total,6362,2015-10-01,,https://ja.wikipedia.org/wiki/%E9%83%BD%E9%81%93%E5%BA%9C%E7%9C%8C%E3%81%AE%E9%9D%A2%E7%A9%8D%E4%B8%80%E8%A6%A7#cite_note-2
Saitama,Area,Total,3798,2015-10-01,,https://ja.wikipedia.org/wiki/%E9%83%BD%E9%81%93%E5%BA%9C%E7%9C%8C%E3%81%AE%E9%9D%A2%E7%A9%8D%E4%B8%80%E8%A6%A7#cite_note-2
Chiba,Area,Total,5158,2015-10-01,,https://ja.wikipedia.org/wiki/%E9%83%BD%E9%81%93%E5%BA%9C%E7%9C%8C%E3%81%AE%E9%9D%A2%E7%A9%8D%E4%B8%80%E8%A6%A7#cite_note-2
Tokyo,Area,Total,2191,2015-10-01,,https://ja.wikipedia.org/wiki/%E9%83%BD%E9%81%93%E5%BA%9C%E7%9C%8C%E3%81%AE%E9%9D%A2%E7%A9%8D%E4%B8%80%E8%A6%A7#cite_note-2
Kanagawa,Area,Total,2416,2015-10-01,,https://ja.wikipedia.org/wiki/%E9%83%BD%E9%81%93%E5%BA%9C%E7%9C%8C%E3%81%AE%E9%9D%A2%E7%A9%8D%E4%B8%80%E8%A6%A7#cite_note-2
Niigata,Area,Total,12584,2015-10-01,,https://ja.wikipedia.org/wiki/%E9%83%BD%E9%81%93%E5%BA%9C%E7%9C%8C%E3%81%AE%E9%9D%A2%E7%A9%8D%E4%B8%80%E8%A6%A7#cite_note-2
Toyama,Area,Total,4248,2015-10-01,,https://ja.wikipedia.org/wiki/%E9%83%BD%E9%81%93%E5%BA%9C%E7%9C%8C%E3%81%AE%E9%9D%A2%E7%A9%8D%E4%B8%80%E8%A6%A7#cite_note-2
Ishikawa,Area,Total,4186,2015-10-01,,https://ja.wikipedia.org/wiki/%E9%83%BD%E9%81%93%E5%BA%9C%E7%9C%8C%E3%81%AE%E9%9D%A2%E7%A9%8D%E4%B8%80%E8%A6%A7#cite_note-2
Fukui,Area,Total,4190,2015-10-01,,https://ja.wikipedia.org/wiki/%E9%83%BD%E9%81%93%E5%BA%9C%E7%9C%8C%E3%81%AE%E9%9D%A2%E7%A9%8D%E4%B8%80%E8%A6%A7#cite_note-2
Yamanashi,Area,Total,4465,2015-10-01,,https://ja.wikipedia.org/wiki/%E9%83%BD%E9%81%93%E5%BA%9C%E7%9C%8C%E3%81%AE%E9%9D%A2%E7%A9%8D%E4%B8%80%E8%A6%A7#cite_note-2
Nagano,Area,Total,13562,2015-10-01,,https://ja.wikipedia.org/wiki/%E9%83%BD%E9%81%93%E5%BA%9C%E7%9C%8C%E3%81%AE%E9%9D%A2%E7%A9%8D%E4%B8%80%E8%A6%A7#cite_note-2
Gifu,Area,Total,10621,2015-10-01,,https://ja.wikipedia.org/wiki/%E9%83%BD%E9%81%93%E5%BA%9C%E7%9C%8C%E3%81%AE%E9%9D%A2%E7%A9%8D%E4%B8%80%E8%A6%A7#cite_note-2
Shizuoka,Area,Total,7777,2015-10-01,,https://ja.wikipedia.org/wiki/%E9%83%BD%E9%81%93%E5%BA%9C%E7%9C%8C%E3%81%AE%E9%9D%A2%E7%A9%8D%E4%B8%80%E8%A6%A7#cite_note-2
Aichi,Area,Total,5172,2015-10-01,,https://ja.wikipedia.org/wiki/%E9%83%BD%E9%81%93%E5%BA%9C%E7%9C%8C%E3%81%AE%E9%9D%A2%E7%A9%8D%E4%B8%80%E8%A6%A7#cite_note-2
Mie,Area,Total,5774,2015-10-01,,https://ja.wikipedia.org/wiki/%E9%83%BD%E9%81%93%E5%BA%9C%E7%9C%8C%E3%81%AE%E9%9D%A2%E7%A9%8D%E4%B8%80%E8%A6%A7#cite_note-2
Shiga,Area,Total,4017,2015-10-01,,https://ja.wikipedia.org/wiki/%E9%83%BD%E9%81%93%E5%BA%9C%E7%9C%8C%E3%81%AE%E9%9D%A2%E7%A9%8D%E4%B8%80%E8%A6%A7#cite_note-2
Kyoto,Area,Total,4612,2015-10-01,,https://ja.wikipedia.org/wiki/%E9%83%BD%E9%81%93%E5%BA%9C%E7%9C%8C%E3%81%AE%E9%9D%A2%E7%A9%8D%E4%B8%80%E8%A6%A7#cite_note-2
Osaka,Area,Total,1905,2015-10-01,,https://ja.wikipedia.org/wiki/%E9%83%BD%E9%81%93%E5%BA%9C%E7%9C%8C%E3%81%AE%E9%9D%A2%E7%A9%8D%E4%B8%80%E8%A6%A7#cite_note-2
Hyogo,Area,Total,8401,2015-10-01,,https://ja.wikipedia.org/wiki/%E9%83%BD%E9%81%93%E5%BA%9C%E7%9C%8C%E3%81%AE%E9%9D%A2%E7%A9%8D%E4%B8%80%E8%A6%A7#cite_note-2
Nara,Area,Total,3691,2015-10-01,,https://ja.wikipedia.org/wiki/%E9%83%BD%E9%81%93%E5%BA%9C%E7%9C%8C%E3%81%AE%E9%9D%A2%E7%A9%8D%E4%B8%80%E8%A6%A7#cite_note-2
Wakayama,Area,Total,4725,2015-10-01,,https://ja.wikipedia.org/wiki/%E9%83%BD%E9%81%93%E5%BA%9C%E7%9C%8C%E3%81%AE%E9%9D%A2%E7%A9%8D%E4%B8%80%E8%A6%A7#cite_note-2
Tottori,Area,Total,3507,2015-10-01,,https://ja.wikipedia.org/wiki/%E9%83%BD%E9%81%93%E5%BA%9C%E7%9C%8C%E3%81%AE%E9%9D%A2%E7%A9%8D%E4%B8%80%E8%A6%A7#cite_note-2
Shimane,Area,Total,6708,2015-10-01,,https://ja.wikipedia.org/wiki/%E9%83%BD%E9%81%93%E5%BA%9C%E7%9C%8C%E3%81%AE%E9%9D%A2%E7%A9%8D%E4%B8%80%E8%A6%A7#cite_note-2
Okayama,Area,Total,7115,2015-10-01,,https://ja.wikipedia.org/wiki/%E9%83%BD%E9%81%93%E5%BA%9C%E7%9C%8C%E3%81%AE%E9%9D%A2%E7%A9%8D%E4%B8%80%E8%A6%A7#cite_note-2
Hiroshima,Area,Total,8479,2015-10-01,,https://ja.wikipedia.org/wiki/%E9%83%BD%E9%81%93%E5%BA%9C%E7%9C%8C%E3%81%AE%E9%9D%A2%E7%A9%8D%E4%B8%80%E8%A6%A7#cite_note-2
Yamaguchi,Area,Total,6112,2015-10-01,,https://ja.wikipedia.org/wiki/%E9%83%BD%E9%81%93%E5%BA%9C%E7%9C%8C%E3%81%AE%E9%9D%A2%E7%A9%8D%E4%B8%80%E8%A6%A7#cite_note-2
Tokushima,Area,Total,4147,2015-10-01,,https://ja.wikipedia.org/wiki/%E9%83%BD%E9%81%93%E5%BA%9C%E7%9C%8C%E3%81%AE%E9%9D%A2%E7%A9%8D%E4%B8%80%E8%A6%A7#cite_note-2
Kagawa,Area,Total,1877,2015-10-01,,https://ja.wikipedia.org/wiki/%E9%83%BD%E9%81%93%E5%BA%9C%E7%9C%8C%E3%81%AE%E9%9D%A2%E7%A9%8D%E4%B8%80%E8%A6%A7#cite_note-2
Ehime,Area,Total,5676,2015-10-01,,https://ja.wikipedia.org/wiki/%E9%83%BD%E9%81%93%E5%BA%9C%E7%9C%8C%E3%81%AE%E9%9D%A2%E7%A9%8D%E4%B8%80%E8%A6%A7#cite_note-2
Kochi,Area,Total,7104,2015-10-01,,https://ja.wikipedia.org/wiki/%E9%83%BD%E9%81%93%E5%BA%9C%E7%9C%8C%E3%81%AE%E9%9D%A2%E7%A9%8D%E4%B8%80%E8%A6%A7#cite_note-2
Fukuoka,Area,Total,4986,2015-10-01,,https://ja.wikipedia.org/wiki/%E9%83%BD%E9%81%93%E5%BA%9C%E7%9C%8C%E3%81%AE%E9%9D%A2%E7%A9%8D%E4%B8%80%E8%A6%A7#cite_note-2
Saga,Area,Total,2441,2015-10-01,,https://ja.wikipedia.org/wiki/%E9%83%BD%E9%81%93%E5%BA%9C%E7%9C%8C%E3%81%AE%E9%9D%A2%E7%A9%8D%E4%B8%80%E8%A6%A7#cite_note-2
Nagasaki,Area,Total,4132,2015-10-01,,https://ja.wikipedia.org/wiki/%E9%83%BD%E9%81%93%E5%BA%9C%E7%9C%8C%E3%81%AE%E9%9D%A2%E7%A9%8D%E4%B8%80%E8%A6%A7#cite_note-2
Kumamoto,Area,Total,7409,2015-10-01,,https://ja.wikipedia.org/wiki/%E9%83%BD%E9%81%93%E5%BA%9C%E7%9C%8C%E3%81%AE%E9%9D%A2%E7%A9%8D%E4%B8%80%E8%A6%A7#cite_note-2
Oita,Area,Total,6341,2015-10-01,,https://ja.wikipedia.org/wiki/%E9%83%BD%E9%81%93%E5%BA%9C%E7%9C%8C%E3%81%AE%E9%9D%A2%E7%A9%8D%E4%B8%80%E8%A6%A7#cite_note-2
Miyazaki,Area,Total,7735,2015-10-01,,https://ja.wikipedia.org/wiki/%E9%83%BD%E9%81%93%E5%BA%9C%E7%9C%8C%E3%81%AE%E9%9D%A2%E7%A9%8D%E4%B8%80%E8%A6%A7#cite_note-2
Kagoshima,Area,Total,9187,2015-10-01,,https://ja.wikipedia.org/wiki/%E9%83%BD%E9%81%93%E5%BA%9C%E7%9C%8C%E3%81%AE%E9%9D%A2%E7%A9%8D%E4%B8%80%E8%A6%A7#cite_note-2
Okinawa,Area,Total,2281,2015-10-01,,https://ja.wikipedia.org/wiki/%E9%83%BD%E9%81%93%E5%BA%9C%E7%9C%8C%E3%81%AE%E9%9D%A2%E7%A9%8D%E4%B8%80%E8%A6%A7#cite_note-2
Hokkaido,Area,Habitable,22373,2015-10-01,,https://ja.wikipedia.org/wiki/%E9%83%BD%E9%81%93%E5%BA%9C%E7%9C%8C%E3%81%AE%E9%9D%A2%E7%A9%8D%E4%B8%80%E8%A6%A7#cite_note-2
Aomori,Area,Habitable,3230,2015-10-01,,https://ja.wikipedia.org/wiki/%E9%83%BD%E9%81%93%E5%BA%9C%E7%9C%8C%E3%81%AE%E9%9D%A2%E7%A9%8D%E4%B8%80%E8%A6%A7#cite_note-2
Iwate,Area,Habitable,3714,2015-10-01,,https://ja.wikipedia.org/wiki/%E9%83%BD%E9%81%93%E5%BA%9C%E7%9C%8C%E3%81%AE%E9%9D%A2%E7%A9%8D%E4%B8%80%E8%A6%A7#cite_note-2
Miyagi,Area,Habitable,3155,2015-10-01,,https://ja.wikipedia.org/wiki/%E9%83%BD%E9%81%93%E5%BA%9C%E7%9C%8C%E3%81%AE%E9%9D%A2%E7%A9%8D%E4%B8%80%E8%A6%A7#cite_note-2
Akita,Area,Habitable,3204,2015-10-01,,https://ja.wikipedia.org/wiki/%E9%83%BD%E9%81%93%E5%BA%9C%E7%9C%8C%E3%81%AE%E9%9D%A2%E7%A9%8D%E4%B8%80%E8%A6%A7#cite_note-2
Yamagata,Area,Habitable,2885,2015-10-01,,https://ja.wikipedia.org/wiki/%E9%83%BD%E9%81%93%E5%BA%9C%E7%9C%8C%E3%81%AE%E9%9D%A2%E7%A9%8D%E4%B8%80%E8%A6%A7#cite_note-2
Fukushima,Area,Habitable,4217,2015-10-01,,https://ja.wikipedia.org/wiki/%E9%83%BD%E9%81%93%E5%BA%9C%E7%9C%8C%E3%81%AE%E9%9D%A2%E7%A9%8D%E4%B8%80%E8%A6%A7#cite_note-2
Ibaraki,Area,Habitable,3975,2015-10-01,,https://ja.wikipedia.org/wiki/%E9%83%BD%E9%81%93%E5%BA%9C%E7%9C%8C%E3%81%AE%E9%9D%A2%E7%A9%8D%E4%B8%80%E8%A6%A7#cite_note-2
Tochigi,Area,Habitable,2983,2015-10-01,,https://ja.wikipedia.org/wiki/%E9%83%BD%E9%81%93%E5%BA%9C%E7%9C%8C%E3%81%AE%E9%9D%A2%E7%A9%8D%E4%B8%80%E8%A6%A7#cite_note-2
Gunma,Area,Habitable,2279,2015-10-01,,https://ja.wikipedia.org/wiki/%E9%83%BD%E9%81%93%E5%BA%9C%E7%9C%8C%E3%81%AE%E9%9D%A2%E7%A9%8D%E4%B8%80%E8%A6%A7#cite_note-2
Saitama,Area,Habitable,2585,2015-10-01,,https://ja.wikipedia.org/wiki/%E9%83%BD%E9%81%93%E5%BA%9C%E7%9C%8C%E3%81%AE%E9%9D%A2%E7%A9%8D%E4%B8%80%E8%A6%A7#cite_note-2
Chiba,Area,Habitable,3554,2015-10-01,,https://ja.wikipedia.org/wiki/%E9%83%BD%E9%81%93%E5%BA%9C%E7%9C%8C%E3%81%AE%E9%9D%A2%E7%A9%8D%E4%B8%80%E8%A6%A7#cite_note-2
Tokyo,Area,Habitable,1418,2015-10-01,,https://ja.wikipedia.org/wiki/%E9%83%BD%E9%81%93%E5%BA%9C%E7%9C%8C%E3%81%AE%E9%9D%A2%E7%A9%8D%E4%B8%80%E8%A6%A7#cite_note-2
Kanagawa,Area,Habitable,1471,2015-10-01,,https://ja.wikipedia.org/wiki/%E9%83%BD%E9%81%93%E5%BA%9C%E7%9C%8C%E3%81%AE%E9%9D%A2%E7%A9%8D%E4%B8%80%E8%A6%A7#cite_note-2
Niigata,Area,Habitable,4535,2015-10-01,,https://ja.wikipedia.org/wiki/%E9%83%BD%E9%81%93%E5%BA%9C%E7%9C%8C%E3%81%AE%E9%9D%A2%E7%A9%8D%E4%B8%80%E8%A6%A7#cite_note-2
Toyama,Area,Habitable,1843,2015-10-01,,https://ja.wikipedia.org/wiki/%E9%83%BD%E9%81%93%E5%BA%9C%E7%9C%8C%E3%81%AE%E9%9D%A2%E7%A9%8D%E4%B8%80%E8%A6%A7#cite_note-2
Ishikawa,Area,Habitable,1392,2015-10-01,,https://ja.wikipedia.org/wiki/%E9%83%BD%E9%81%93%E5%BA%9C%E7%9C%8C%E3%81%AE%E9%9D%A2%E7%A9%8D%E4%B8%80%E8%A6%A7#cite_note-2
Fukui,Area,Habitable,1077,2015-10-01,,https://ja.wikipedia.org/wiki/%E9%83%BD%E9%81%93%E5%BA%9C%E7%9C%8C%E3%81%AE%E9%9D%A2%E7%A9%8D%E4%B8%80%E8%A6%A7#cite_note-2
Yamanashi,Area,Habitable,954,2015-10-01,,https://ja.wikipedia.org/wiki/%E9%83%BD%E9%81%93%E5%BA%9C%E7%9C%8C%E3%81%AE%E9%9D%A2%E7%A9%8D%E4%B8%80%E8%A6%A7#cite_note-2
Nagano,Area,Habitable,3226,2015-10-01,,https://ja.wikipedia.org/wiki/%E9%83%BD%E9%81%93%E5%BA%9C%E7%9C%8C%E3%81%AE%E9%9D%A2%E7%A9%8D%E4%B8%80%E8%A6%A7#cite_note-2
Gifu,Area,Habitable,2211,2015-10-01,,https://ja.wikipedia.org/wiki/%E9%83%BD%E9%81%93%E5%BA%9C%E7%9C%8C%E3%81%AE%E9%9D%A2%E7%A9%8D%E4%B8%80%E8%A6%A7#cite_note-2
Shizuoka,Area,Habitable,2749,2015-10-01,,https://ja.wikipedia.org/wiki/%E9%83%BD%E9%81%93%E5%BA%9C%E7%9C%8C%E3%81%AE%E9%9D%A2%E7%A9%8D%E4%B8%80%E8%A6%A7#cite_note-2
Aichi,Area,Habitable,2988,2015-10-01,,https://ja.wikipedia.org/wiki/%E9%83%BD%E9%81%93%E5%BA%9C%E7%9C%8C%E3%81%AE%E9%9D%A2%E7%A9%8D%E4%B8%80%E8%A6%A7#cite_note-2
Mie,Area,Habitable,2059,2015-10-01,,https://ja.wikipedia.org/wiki/%E9%83%BD%E9%81%93%E5%BA%9C%E7%9C%8C%E3%81%AE%E9%9D%A2%E7%A9%8D%E4%B8%80%E8%A6%A7#cite_note-2
Shiga,Area,Habitable,1307,2015-10-01,,https://ja.wikipedia.org/wiki/%E9%83%BD%E9%81%93%E5%BA%9C%E7%9C%8C%E3%81%AE%E9%9D%A2%E7%A9%8D%E4%B8%80%E8%A6%A7#cite_note-2
Kyoto,Area,Habitable,1174,2015-10-01,,https://ja.wikipedia.org/wiki/%E9%83%BD%E9%81%93%E5%BA%9C%E7%9C%8C%E3%81%AE%E9%9D%A2%E7%A9%8D%E4%B8%80%E8%A6%A7#cite_note-2
Osaka,Area,Habitable,1331,2015-10-01,,https://ja.wikipedia.org/wiki/%E9%83%BD%E9%81%93%E5%BA%9C%E7%9C%8C%E3%81%AE%E9%9D%A2%E7%A9%8D%E4%B8%80%E8%A6%A7#cite_note-2
Hyogo,Area,Habitable,2783,2015-10-01,,https://ja.wikipedia.org/wiki/%E9%83%BD%E9%81%93%E5%BA%9C%E7%9C%8C%E3%81%AE%E9%9D%A2%E7%A9%8D%E4%B8%80%E8%A6%A7#cite_note-2
Nara,Area,Habitable,856,2015-10-01,,https://ja.wikipedia.org/wiki/%E9%83%BD%E9%81%93%E5%BA%9C%E7%9C%8C%E3%81%AE%E9%9D%A2%E7%A9%8D%E4%B8%80%E8%A6%A7#cite_note-2
Wakayama,Area,Habitable,1115,2015-10-01,,https://ja.wikipedia.org/wiki/%E9%83%BD%E9%81%93%E5%BA%9C%E7%9C%8C%E3%81%AE%E9%9D%A2%E7%A9%8D%E4%B8%80%E8%A6%A7#cite_note-2
Tottori,Area,Habitable,901,2015-10-01,,https://ja.wikipedia.org/wiki/%E9%83%BD%E9%81%93%E5%BA%9C%E7%9C%8C%E3%81%AE%E9%9D%A2%E7%A9%8D%E4%B8%80%E8%A6%A7#cite_note-2
Shimane,Area,Habitable,1299,2015-10-01,,https://ja.wikipedia.org/wiki/%E9%83%BD%E9%81%93%E5%BA%9C%E7%9C%8C%E3%81%AE%E9%9D%A2%E7%A9%8D%E4%B8%80%E8%A6%A7#cite_note-2
Okayama,Area,Habitable,2219,2015-10-01,,https://ja.wikipedia.org/wiki/%E9%83%BD%E9%81%93%E5%BA%9C%E7%9C%8C%E3%81%AE%E9%9D%A2%E7%A9%8D%E4%B8%80%E8%A6%A7#cite_note-2
Hiroshima,Area,Habitable,2311,2015-10-01,,https://ja.wikipedia.org/wiki/%E9%83%BD%E9%81%93%E5%BA%9C%E7%9C%8C%E3%81%AE%E9%9D%A2%E7%A9%8D%E4%B8%80%E8%A6%A7#cite_note-2
Yamaguchi,Area,Habitable,1707,2015-10-01,,https://ja.wikipedia.org/wiki/%E9%83%BD%E9%81%93%E5%BA%9C%E7%9C%8C%E3%81%AE%E9%9D%A2%E7%A9%8D%E4%B8%80%E8%A6%A7#cite_note-2
Tokushima,Area,Habitable,1010,2015-10-01,,https://ja.wikipedia.org/wiki/%E9%83%BD%E9%81%93%E5%BA%9C%E7%9C%8C%E3%81%AE%E9%9D%A2%E7%A9%8D%E4%B8%80%E8%A6%A7#cite_note-2
Kagawa,Area,Habitable,1006,2015-10-01,,https://ja.wikipedia.org/wiki/%E9%83%BD%E9%81%93%E5%BA%9C%E7%9C%8C%E3%81%AE%E9%9D%A2%E7%A9%8D%E4%B8%80%E8%A6%A7#cite_note-2
Ehime,Area,Habitable,1673,2015-10-01,,https://ja.wikipedia.org/wiki/%E9%83%BD%E9%81%93%E5%BA%9C%E7%9C%8C%E3%81%AE%E9%9D%A2%E7%A9%8D%E4%B8%80%E8%A6%A7#cite_note-2
Kochi,Area,Habitable,1163,2015-10-01,,https://ja.wikipedia.org/wiki/%E9%83%BD%E9%81%93%E5%BA%9C%E7%9C%8C%E3%81%AE%E9%9D%A2%E7%A9%8D%E4%B8%80%E8%A6%A7#cite_note-2
Fukuoka,Area,Habitable,2761,2015-10-01,,https://ja.wikipedia.org/wiki/%E9%83%BD%E9%81%93%E5%BA%9C%E7%9C%8C%E3%81%AE%E9%9D%A2%E7%A9%8D%E4%B8%80%E8%A6%A7#cite_note-2
Saga,Area,Habitable,1336,2015-10-01,,https://ja.wikipedia.org/wiki/%E9%83%BD%E9%81%93%E5%BA%9C%E7%9C%8C%E3%81%AE%E9%9D%A2%E7%A9%8D%E4%B8%80%E8%A6%A7#cite_note-2
Nagasaki,Area,Habitable,1676,2015-10-01,,https://ja.wikipedia.org/wiki/%E9%83%BD%E9%81%93%E5%BA%9C%E7%9C%8C%E3%81%AE%E9%9D%A2%E7%A9%8D%E4%B8%80%E8%A6%A7#cite_note-2
Kumamoto,Area,Habitable,2796,2015-10-01,,https://ja.wikipedia.org/wiki/%E9%83%BD%E9%81%93%E5%BA%9C%E7%9C%8C%E3%81%AE%E9%9D%A2%E7%A9%8D%E4%B8%80%E8%A6%A7#cite_note-2
Oita,Area,Habitable,1799,2015-10-01,,https://ja.wikipedia.org/wiki/%E9%83%BD%E9%81%93%E5%BA%9C%E7%9C%8C%E3%81%AE%E9%9D%A2%E7%A9%8D%E4%B8%80%E8%A6%A7#cite_note-2
Miyazaki,Area,Habitable,1850,2015-10-01,,https://ja.wikipedia.org/wiki/%E9%83%BD%E9%81%93%E5%BA%9C%E7%9C%8C%E3%81%AE%E9%9D%A2%E7%A9%8D%E4%B8%80%E8%A6%A7#cite_note-2
Kagoshima,Area,Habitable,3313,2015-10-01,,https://ja.wikipedia.org/wiki/%E9%83%BD%E9%81%93%E5%BA%9C%E7%9C%8C%E3%81%AE%E9%9D%A2%E7%A9%8D%E4%B8%80%E8%A6%A7#cite_note-2
Okinawa,Area,Habitable,1169,2015-10-01,,https://ja.wikipedia.org/wiki/%E9%83%BD%E9%81%93%E5%BA%9C%E7%9C%8C%E3%81%AE%E9%9D%A2%E7%A9%8D%E4%B8%80%E8%A6%A7#cite_note-2
Hokkaido,Hospital_bed,Specific,0,2019-04-01,https://www.mhlw.go.jp/bunya/kenkou/kekkaku-kansenshou15/02-02.html,https://code4sabae.github.io/bedforinfection/
Aomori,Hospital_bed,Specific,0,2019-04-01,https://www.mhlw.go.jp/bunya/kenkou/kekkaku-kansenshou15/02-02.html,https://code4sabae.github.io/bedforinfection/
Iwate,Hospital_bed,Specific,0,2019-04-01,https://www.mhlw.go.jp/bunya/kenkou/kekkaku-kansenshou15/02-02.html,https://code4sabae.github.io/bedforinfection/
Miyagi,Hospital_bed,Specific,0,2019-04-01,https://www.mhlw.go.jp/bunya/kenkou/kekkaku-kansenshou15/02-02.html,https://code4sabae.github.io/bedforinfection/
Akita,Hospital_bed,Specific,0,2019-04-01,https://www.mhlw.go.jp/bunya/kenkou/kekkaku-kansenshou15/02-02.html,https://code4sabae.github.io/bedforinfection/
Yamagata,Hospital_bed,Specific,0,2019-04-01,https://www.mhlw.go.jp/bunya/kenkou/kekkaku-kansenshou15/02-02.html,https://code4sabae.github.io/bedforinfection/
Fukushima,Hospital_bed,Specific,0,2019-04-01,https://www.mhlw.go.jp/bunya/kenkou/kekkaku-kansenshou15/02-02.html,https://code4sabae.github.io/bedforinfection/
Ibaraki,Hospital_bed,Specific,0,2019-04-01,https://www.mhlw.go.jp/bunya/kenkou/kekkaku-kansenshou15/02-02.html,https://code4sabae.github.io/bedforinfection/
Tochigi,Hospital_bed,Specific,0,2019-04-01,https://www.mhlw.go.jp/bunya/kenkou/kekkaku-kansenshou15/02-02.html,https://code4sabae.github.io/bedforinfection/
Gunma,Hospital_bed,Specific,0,2019-04-01,https://www.mhlw.go.jp/bunya/kenkou/kekkaku-kansenshou15/02-02.html,https://code4sabae.github.io/bedforinfection/
Saitama,Hospital_bed,Specific,0,2019-04-01,https://www.mhlw.go.jp/bunya/kenkou/kekkaku-kansenshou15/02-02.html,https://code4sabae.github.io/bedforinfection/
Chiba,Hospital_bed,Specific,2,2019-04-01,https://www.mhlw.go.jp/bunya/kenkou/kekkaku-kansenshou15/02-02.html,https://code4sabae.github.io/bedforinfection/
Tokyo,Hospital_bed,Specific,4,2019-04-01,https://www.mhlw.go.jp/bunya/kenkou/kekkaku-kansenshou15/02-02.html,https://code4sabae.github.io/bedforinfection/
Kanagawa,Hospital_bed,Specific,0,2019-04-01,https://www.mhlw.go.jp/bunya/kenkou/kekkaku-kansenshou15/02-02.html,https://code4sabae.github.io/bedforinfection/
Niigata,Hospital_bed,Specific,0,2019-04-01,https://www.mhlw.go.jp/bunya/kenkou/kekkaku-kansenshou15/02-02.html,https://code4sabae.github.io/bedforinfection/
Toyama,Hospital_bed,Specific,0,2019-04-01,https://www.mhlw.go.jp/bunya/kenkou/kekkaku-kansenshou15/02-02.html,https://code4sabae.github.io/bedforinfection/
Ishikawa,Hospital_bed,Specific,0,2019-04-01,https://www.mhlw.go.jp/bunya/kenkou/kekkaku-kansenshou15/02-02.html,https://code4sabae.github.io/bedforinfection/
Fukui,Hospital_bed,Specific,0,2019-04-01,https://www.mhlw.go.jp/bunya/kenkou/kekkaku-kansenshou15/02-02.html,https://code4sabae.github.io/bedforinfection/
Yamanashi,Hospital_bed,Specific,0,2019-04-01,https://www.mhlw.go.jp/bunya/kenkou/kekkaku-kansenshou15/02-02.html,https://code4sabae.github.io/bedforinfection/
Nagano,Hospital_bed,Specific,0,2019-04-01,https://www.mhlw.go.jp/bunya/kenkou/kekkaku-kansenshou15/02-02.html,https://code4sabae.github.io/bedforinfection/
Gifu,Hospital_bed,Specific,0,2019-04-01,https://www.mhlw.go.jp/bunya/kenkou/kekkaku-kansenshou15/02-02.html,https://code4sabae.github.io/bedforinfection/
Shizuoka,Hospital_bed,Specific,0,2019-04-01,https://www.mhlw.go.jp/bunya/kenkou/kekkaku-kansenshou15/02-02.html,https://code4sabae.github.io/bedforinfection/
Aichi,Hospital_bed,Specific,2,2019-04-01,https://www.mhlw.go.jp/bunya/kenkou/kekkaku-kansenshou15/02-02.html,https://code4sabae.github.io/bedforinfection/
Mie,Hospital_bed,Specific,0,2019-04-01,https://www.mhlw.go.jp/bunya/kenkou/kekkaku-kansenshou15/02-02.html,https://code4sabae.github.io/bedforinfection/
Shiga,Hospital_bed,Specific,0,2019-04-01,https://www.mhlw.go.jp/bunya/kenkou/kekkaku-kansenshou15/02-02.html,https://code4sabae.github.io/bedforinfection/
Kyoto,Hospital_bed,Specific,0,2019-04-01,https://www.mhlw.go.jp/bunya/kenkou/kekkaku-kansenshou15/02-02.html,https://code4sabae.github.io/bedforinfection/
Osaka,Hospital_bed,Specific,2,2019-04-01,https://www.mhlw.go.jp/bunya/kenkou/kekkaku-kansenshou15/02-02.html,https://code4sabae.github.io/bedforinfection/
Hyogo,Hospital_bed,Specific,0,2019-04-01,https://www.mhlw.go.jp/bunya/kenkou/kekkaku-kansenshou15/02-02.html,https://code4sabae.github.io/bedforinfection/
Nara,Hospital_bed,Specific,0,2019-04-01,https://www.mhlw.go.jp/bunya/kenkou/kekkaku-kansenshou15/02-02.html,https://code4sabae.github.io/bedforinfection/
Wakayama,Hospital_bed,Specific,0,2019-04-01,https://www.mhlw.go.jp/bunya/kenkou/kekkaku-kansenshou15/02-02.html,https://code4sabae.github.io/bedforinfection/
Tottori,Hospital_bed,Specific,0,2019-04-01,https://www.mhlw.go.jp/bunya/kenkou/kekkaku-kansenshou15/02-02.html,https://code4sabae.github.io/bedforinfection/
Shimane,Hospital_bed,Specific,0,2019-04-01,https://www.mhlw.go.jp/bunya/kenkou/kekkaku-kansenshou15/02-02.html,https://code4sabae.github.io/bedforinfection/
Okayama,Hospital_bed,Specific,0,2019-04-01,https://www.mhlw.go.jp/bunya/kenkou/kekkaku-kansenshou15/02-02.html,https://code4sabae.github.io/bedforinfection/
Hiroshima,Hospital_bed,Specific,0,2019-04-01,https://www.mhlw.go.jp/bunya/kenkou/kekkaku-kansenshou15/02-02.html,https://code4sabae.github.io/bedforinfection/
Yamaguchi,Hospital_bed,Specific,0,2019-04-01,https://www.mhlw.go.jp/bunya/kenkou/kekkaku-kansenshou15/02-02.html,https://code4sabae.github.io/bedforinfection/
Tokushima,Hospital_bed,Specific,0,2019-04-01,https://www.mhlw.go.jp/bunya/kenkou/kekkaku-kansenshou15/02-02.html,https://code4sabae.github.io/bedforinfection/
Kagawa,Hospital_bed,Specific,0,2019-04-01,https://www.mhlw.go.jp/bunya/kenkou/kekkaku-kansenshou15/02-02.html,https://code4sabae.github.io/bedforinfection/
Ehime,Hospital_bed,Specific,0,2019-04-01,https://www.mhlw.go.jp/bunya/kenkou/kekkaku-kansenshou15/02-02.html,https://code4sabae.github.io/bedforinfection/
Kochi,Hospital_bed,Specific,0,2019-04-01,https://www.mhlw.go.jp/bunya/kenkou/kekkaku-kansenshou15/02-02.html,https://code4sabae.github.io/bedforinfection/
Fukuoka,Hospital_bed,Specific,0,2019-04-01,https://www.mhlw.go.jp/bunya/kenkou/kekkaku-kansenshou15/02-02.html,https://code4sabae.github.io/bedforinfection/
Saga,Hospital_bed,Specific,0,2019-04-01,https://www.mhlw.go.jp/bunya/kenkou/kekkaku-kansenshou15/02-02.html,https://code4sabae.github.io/bedforinfection/
Nagasaki,Hospital_bed,Specific,0,2019-04-01,https://www.mhlw.go.jp/bunya/kenkou/kekkaku-kansenshou15/02-02.html,https://code4sabae.github.io/bedforinfection/
Kumamoto,Hospital_bed,Specific,0,2019-04-01,https://www.mhlw.go.jp/bunya/kenkou/kekkaku-kansenshou15/02-02.html,https://code4sabae.github.io/bedforinfection/
Oita,Hospital_bed,Specific,0,2019-04-01,https://www.mhlw.go.jp/bunya/kenkou/kekkaku-kansenshou15/02-02.html,https://code4sabae.github.io/bedforinfection/
Miyazaki,Hospital_bed,Specific,0,2019-04-01,https://www.mhlw.go.jp/bunya/kenkou/kekkaku-kansenshou15/02-02.html,https://code4sabae.github.io/bedforinfection/
Kagoshima,Hospital_bed,Specific,0,2019-04-01,https://www.mhlw.go.jp/bunya/kenkou/kekkaku-kansenshou15/02-02.html,https://code4sabae.github.io/bedforinfection/
Okinawa,Hospital_bed,Specific,0,2019-04-01,https://www.mhlw.go.jp/bunya/kenkou/kekkaku-kansenshou15/02-02.html,https://code4sabae.github.io/bedforinfection/
Hokkaido,Hospital_bed,Type-I,2,2019-04-01,https://www.mhlw.go.jp/bunya/kenkou/kekkaku-kansenshou15/02-02.html,https://code4sabae.github.io/bedforinfection/
Aomori,Hospital_bed,Type-I,1,2019-04-01,https://www.mhlw.go.jp/bunya/kenkou/kekkaku-kansenshou15/02-02.html,https://code4sabae.github.io/bedforinfection/
Iwate,Hospital_bed,Type-I,2,2019-04-01,https://www.mhlw.go.jp/bunya/kenkou/kekkaku-kansenshou15/02-02.html,https://code4sabae.github.io/bedforinfection/
Miyagi,Hospital_bed,Type-I,2,2019-04-01,https://www.mhlw.go.jp/bunya/kenkou/kekkaku-kansenshou15/02-02.html,https://code4sabae.github.io/bedforinfection/
Akita,Hospital_bed,Type-I,2,2019-04-01,https://www.mhlw.go.jp/bunya/kenkou/kekkaku-kansenshou15/02-02.html,https://code4sabae.github.io/bedforinfection/
Yamagata,Hospital_bed,Type-I,2,2019-04-01,https://www.mhlw.go.jp/bunya/kenkou/kekkaku-kansenshou15/02-02.html,https://code4sabae.github.io/bedforinfection/
Fukushima,Hospital_bed,Type-I,2,2019-04-01,https://www.mhlw.go.jp/bunya/kenkou/kekkaku-kansenshou15/02-02.html,https://code4sabae.github.io/bedforinfection/
Ibaraki,Hospital_bed,Type-I,2,2019-04-01,https://www.mhlw.go.jp/bunya/kenkou/kekkaku-kansenshou15/02-02.html,https://code4sabae.github.io/bedforinfection/
Tochigi,Hospital_bed,Type-I,1,2019-04-01,https://www.mhlw.go.jp/bunya/kenkou/kekkaku-kansenshou15/02-02.html,https://code4sabae.github.io/bedforinfection/
Gunma,Hospital_bed,Type-I,2,2019-04-01,https://www.mhlw.go.jp/bunya/kenkou/kekkaku-kansenshou15/02-02.html,https://code4sabae.github.io/bedforinfection/
Saitama,Hospital_bed,Type-I,4,2019-04-01,https://www.mhlw.go.jp/bunya/kenkou/kekkaku-kansenshou15/02-02.html,https://code4sabae.github.io/bedforinfection/
Chiba,Hospital_bed,Type-I,1,2019-04-01,https://www.mhlw.go.jp/bunya/kenkou/kekkaku-kansenshou15/02-02.html,https://code4sabae.github.io/bedforinfection/
Tokyo,Hospital_bed,Type-I,8,2019-04-01,https://www.mhlw.go.jp/bunya/kenkou/kekkaku-kansenshou15/02-02.html,https://code4sabae.github.io/bedforinfection/
Kanagawa,Hospital_bed,Type-I,2,2019-04-01,https://www.mhlw.go.jp/bunya/kenkou/kekkaku-kansenshou15/02-02.html,https://code4sabae.github.io/bedforinfection/
Niigata,Hospital_bed,Type-I,2,2019-04-01,https://www.mhlw.go.jp/bunya/kenkou/kekkaku-kansenshou15/02-02.html,https://code4sabae.github.io/bedforinfection/
Toyama,Hospital_bed,Type-I,2,2019-04-01,https://www.mhlw.go.jp/bunya/kenkou/kekkaku-kansenshou15/02-02.html,https://code4sabae.github.io/bedforinfection/
Ishikawa,Hospital_bed,Type-I,2,2019-04-01,https://www.mhlw.go.jp/bunya/kenkou/kekkaku-kansenshou15/02-02.html,https://code4sabae.github.io/bedforinfection/
Fukui,Hospital_bed,Type-I,2,2019-04-01,https://www.mhlw.go.jp/bunya/kenkou/kekkaku-kansenshou15/02-02.html,https://code4sabae.github.io/bedforinfection/
Yamanashi,Hospital_bed,Type-I,2,2019-04-01,https://www.mhlw.go.jp/bunya/kenkou/kekkaku-kansenshou15/02-02.html,https://code4sabae.github.io/bedforinfection/
Nagano,Hospital_bed,Type-I,2,2019-04-01,https://www.mhlw.go.jp/bunya/kenkou/kekkaku-kansenshou15/02-02.html,https://code4sabae.github.io/bedforinfection/
Gifu,Hospital_bed,Type-I,2,2019-04-01,https://www.mhlw.go.jp/bunya/kenkou/kekkaku-kansenshou15/02-02.html,https://code4sabae.github.io/bedforinfection/
Shizuoka,Hospital_bed,Type-I,2,2019-04-01,https://www.mhlw.go.jp/bunya/kenkou/kekkaku-kansenshou15/02-02.html,https://code4sabae.github.io/bedforinfection/
Aichi,Hospital_bed,Type-I,2,2019-04-01,https://www.mhlw.go.jp/bunya/kenkou/kekkaku-kansenshou15/02-02.html,https://code4sabae.github.io/bedforinfection/
Mie,Hospital_bed,Type-I,2,2019-04-01,https://www.mhlw.go.jp/bunya/kenkou/kekkaku-kansenshou15/02-02.html,https://code4sabae.github.io/bedforinfection/
Shiga,Hospital_bed,Type-I,2,2019-04-01,https://www.mhlw.go.jp/bunya/kenkou/kekkaku-kansenshou15/02-02.html,https://code4sabae.github.io/bedforinfection/
Kyoto,Hospital_bed,Type-I,2,2019-04-01,https://www.mhlw.go.jp/bunya/kenkou/kekkaku-kansenshou15/02-02.html,https://code4sabae.github.io/bedforinfection/
Osaka,Hospital_bed,Type-I,4,2019-04-01,https://www.mhlw.go.jp/bunya/kenkou/kekkaku-kansenshou15/02-02.html,https://code4sabae.github.io/bedforinfection/
Hyogo,Hospital_bed,Type-I,4,2019-04-01,https://www.mhlw.go.jp/bunya/kenkou/kekkaku-kansenshou15/02-02.html,https://code4sabae.github.io/bedforinfection/
Nara,Hospital_bed,Type-I,2,2019-04-01,https://www.mhlw.go.jp/bunya/kenkou/kekkaku-kansenshou15/02-02.html,https://code4sabae.github.io/bedforinfection/
Wakayama,Hospital_bed,Type-I,2,2019-04-01,https://www.mhlw.go.jp/bunya/kenkou/kekkaku-kansenshou15/02-02.html,https://code4sabae.github.io/bedforinfection/
Tottori,Hospital_bed,Type-I,2,2019-04-01,https://www.mhlw.go.jp/bunya/kenkou/kekkaku-kansenshou15/02-02.html,https://code4sabae.github.io/bedforinfection/
Shimane,Hospital_bed,Type-I,2,2019-04-01,https://www.mhlw.go.jp/bunya/kenkou/kekkaku-kansenshou15/02-02.html,https://code4sabae.github.io/bedforinfection/
Okayama,Hospital_bed,Type-I,2,2019-04-01,https://www.mhlw.go.jp/bunya/kenkou/kekkaku-kansenshou15/02-02.html,https://code4sabae.github.io/bedforinfection/
Hiroshima,Hospital_bed,Type-I,2,2019-04-01,https://www.mhlw.go.jp/bunya/kenkou/kekkaku-kansenshou15/02-02.html,https://code4sabae.github.io/bedforinfection/
Yamaguchi,Hospital_bed,Type-I,2,2019-04-01,https://www.mhlw.go.jp/bunya/kenkou/kekkaku-kansenshou15/02-02.html,https://code4sabae.github.io/bedforinfection/
Tokushima,Hospital_bed,Type-I,2,2019-04-01,https://www.mhlw.go.jp/bunya/kenkou/kekkaku-kansenshou15/02-02.html,https://code4sabae.github.io/bedforinfection/
Kagawa,Hospital_bed,Type-I,2,2019-04-01,https://www.mhlw.go.jp/bunya/kenkou/kekkaku-kansenshou15/02-02.html,https://code4sabae.github.io/bedforinfection/
Ehime,Hospital_bed,Type-I,2,2019-04-01,https://www.mhlw.go.jp/bunya/kenkou/kekkaku-kansenshou15/02-02.html,https://code4sabae.github.io/bedforinfection/
Kochi,Hospital_bed,Type-I,2,2019-04-01,https://www.mhlw.go.jp/bunya/kenkou/kekkaku-kansenshou15/02-02.html,https://code4sabae.github.io/bedforinfection/
Fukuoka,Hospital_bed,Type-I,2,2019-04-01,https://www.mhlw.go.jp/bunya/kenkou/kekkaku-kansenshou15/02-02.html,https://code4sabae.github.io/bedforinfection/
Saga,Hospital_bed,Type-I,2,2019-04-01,https://www.mhlw.go.jp/bunya/kenkou/kekkaku-kansenshou15/02-02.html,https://code4sabae.github.io/bedforinfection/
Nagasaki,Hospital_bed,Type-I,2,2019-04-01,https://www.mhlw.go.jp/bunya/kenkou/kekkaku-kansenshou15/02-02.html,https://code4sabae.github.io/bedforinfection/
Kumamoto,Hospital_bed,Type-I,2,2019-04-01,https://www.mhlw.go.jp/bunya/kenkou/kekkaku-kansenshou15/02-02.html,https://code4sabae.github.io/bedforinfection/
Oita,Hospital_bed,Type-I,2,2019-04-01,https://www.mhlw.go.jp/bunya/kenkou/kekkaku-kansenshou15/02-02.html,https://code4sabae.github.io/bedforinfection/
Miyazaki,Hospital_bed,Type-I,1,2019-04-01,https://www.mhlw.go.jp/bunya/kenkou/kekkaku-kansenshou15/02-02.html,https://code4sabae.github.io/bedforinfection/
Kagoshima,Hospital_bed,Type-I,1,2019-04-01,https://www.mhlw.go.jp/bunya/kenkou/kekkaku-kansenshou15/02-02.html,https://code4sabae.github.io/bedforinfection/
Okinawa,Hospital_bed,Type-I,4,2019-04-01,https://www.mhlw.go.jp/bunya/kenkou/kekkaku-kansenshou15/02-02.html,https://code4sabae.github.io/bedforinfection/
Hokkaido,Hospital_bed,Type-II,92,2019-04-01,https://www.mhlw.go.jp/bunya/kenkou/kekkaku-kansenshou15/02-02-01.html,https://code4sabae.github.io/bedforinfection/
Aomori,Hospital_bed,Type-II,28,2019-04-01,https://www.mhlw.go.jp/bunya/kenkou/kekkaku-kansenshou15/02-02-01.html,https://code4sabae.github.io/bedforinfection/
Iwate,Hospital_bed,Type-II,36,2019-04-01,https://www.mhlw.go.jp/bunya/kenkou/kekkaku-kansenshou15/02-02-01.html,https://code4sabae.github.io/bedforinfection/
Miyagi,Hospital_bed,Type-II,27,2019-04-01,https://www.mhlw.go.jp/bunya/kenkou/kekkaku-kansenshou15/02-02-01.html,https://code4sabae.github.io/bedforinfection/
Akita,Hospital_bed,Type-II,30,2019-04-01,https://www.mhlw.go.jp/bunya/kenkou/kekkaku-kansenshou15/02-02-01.html,https://code4sabae.github.io/bedforinfection/
Yamagata,Hospital_bed,Type-II,16,2019-04-01,https://www.mhlw.go.jp/bunya/kenkou/kekkaku-kansenshou15/02-02-01.html,https://code4sabae.github.io/bedforinfection/
Fukushima,Hospital_bed,Type-II,34,2019-04-01,https://www.mhlw.go.jp/bunya/kenkou/kekkaku-kansenshou15/02-02-01.html,https://code4sabae.github.io/bedforinfection/
Ibaraki,Hospital_bed,Type-II,46,2019-04-01,https://www.mhlw.go.jp/bunya/kenkou/kekkaku-kansenshou15/02-02-01.html,https://code4sabae.github.io/bedforinfection/
Tochigi,Hospital_bed,Type-II,30,2019-04-01,https://www.mhlw.go.jp/bunya/kenkou/kekkaku-kansenshou15/02-02-01.html,https://code4sabae.github.io/bedforinfection/
Gunma,Hospital_bed,Type-II,50,2019-04-01,https://www.mhlw.go.jp/bunya/kenkou/kekkaku-kansenshou15/02-02-01.html,https://code4sabae.github.io/bedforinfection/
Saitama,Hospital_bed,Type-II,66,2019-04-01,https://www.mhlw.go.jp/bunya/kenkou/kekkaku-kansenshou15/02-02-01.html,https://code4sabae.github.io/bedforinfection/
Chiba,Hospital_bed,Type-II,55,2019-04-01,https://www.mhlw.go.jp/bunya/kenkou/kekkaku-kansenshou15/02-02-01.html,https://code4sabae.github.io/bedforinfection/
Tokyo,Hospital_bed,Type-II,106,2019-04-01,https://www.mhlw.go.jp/bunya/kenkou/kekkaku-kansenshou15/02-02-01.html,https://code4sabae.github.io/bedforinfection/
Kanagawa,Hospital_bed,Type-II,72,2019-04-01,https://www.mhlw.go.jp/bunya/kenkou/kekkaku-kansenshou15/02-02-01.html,https://code4sabae.github.io/bedforinfection/
Niigata,Hospital_bed,Type-II,34,2019-04-01,https://www.mhlw.go.jp/bunya/kenkou/kekkaku-kansenshou15/02-02-01.html,https://code4sabae.github.io/bedforinfection/
Toyama,Hospital_bed,Type-II,20,2019-04-01,https://www.mhlw.go.jp/bunya/kenkou/kekkaku-kansenshou15/02-02-01.html,https://code4sabae.github.io/bedforinfection/
Ishikawa,Hospital_bed,Type-II,18,2019-04-01,https://www.mhlw.go.jp/bunya/kenkou/kekkaku-kansenshou15/02-02-01.html,https://code4sabae.github.io/bedforinfection/
Fukui,Hospital_bed,Type-II,18,2019-04-01,https://www.mhlw.go.jp/bunya/kenkou/kekkaku-kansenshou15/02-02-01.html,https://code4sabae.github.io/bedforinfection/
Yamanashi,Hospital_bed,Type-II,28,2019-04-01,https://www.mhlw.go.jp/bunya/kenkou/kekkaku-kansenshou15/02-02-01.html,https://code4sabae.github.io/bedforinfection/
Nagano,Hospital_bed,Type-II,44,2019-04-01,https://www.mhlw.go.jp/bunya/kenkou/kekkaku-kansenshou15/02-02-01.html,https://code4sabae.github.io/bedforinfection/
Gifu,Hospital_bed,Type-II,28,2019-04-01,https://www.mhlw.go.jp/bunya/kenkou/kekkaku-kansenshou15/02-02-01.html,https://code4sabae.github.io/bedforinfection/
Shizuoka,Hospital_bed,Type-II,46,2019-04-01,https://www.mhlw.go.jp/bunya/kenkou/kekkaku-kansenshou15/02-02-01.html,https://code4sabae.github.io/bedforinfection/
Aichi,Hospital_bed,Type-II,68,2019-04-01,https://www.mhlw.go.jp/bunya/kenkou/kekkaku-kansenshou15/02-02-01.html,https://code4sabae.github.io/bedforinfection/
Mie,Hospital_bed,Type-II,22,2019-04-01,https://www.mhlw.go.jp/bunya/kenkou/kekkaku-kansenshou15/02-02-01.html,https://code4sabae.github.io/bedforinfection/
Shiga,Hospital_bed,Type-II,32,2019-04-01,https://www.mhlw.go.jp/bunya/kenkou/kekkaku-kansenshou15/02-02-01.html,https://code4sabae.github.io/bedforinfection/
Kyoto,Hospital_bed,Type-II,36,2019-04-01,https://www.mhlw.go.jp/bunya/kenkou/kekkaku-kansenshou15/02-02-01.html,https://code4sabae.github.io/bedforinfection/
Osaka,Hospital_bed,Type-II,72,2019-04-01,https://www.mhlw.go.jp/bunya/kenkou/kekkaku-kansenshou15/02-02-01.html,https://code4sabae.github.io/bedforinfection/
Hyogo,Hospital_bed,Type-II,46,2019-04-01,https://www.mhlw.go.jp/bunya/kenkou/kekkaku-kansenshou15/02-02-01.html,https://code4sabae.github.io/bedforinfection/
Nara,Hospital_bed,Type-II,22,2019-04-01,https://www.mhlw.go.jp/bunya/kenkou/kekkaku-kansenshou15/02-02-01.html,https://code4sabae.github.io/bedforinfection/
Wakayama,Hospital_bed,Type-II,30,2019-04-01,https://www.mhlw.go.jp/bunya/kenkou/kekkaku-kansenshou15/02-02-01.html,https://code4sabae.github.io/bedforinfection/
Tottori,Hospital_bed,Type-II,10,2019-04-01,https://www.mhlw.go.jp/bunya/kenkou/kekkaku-kansenshou15/02-02-01.html,https://code4sabae.github.io/bedforinfection/
Shimane,Hospital_bed,Type-II,28,2019-04-01,https://www.mhlw.go.jp/bunya/kenkou/kekkaku-kansenshou15/02-02-01.html,https://code4sabae.github.io/bedforinfection/
Okayama,Hospital_bed,Type-II,24,2019-04-01,https://www.mhlw.go.jp/bunya/kenkou/kekkaku-kansenshou15/02-02-01.html,https://code4sabae.github.io/bedforinfection/
Hiroshima,Hospital_bed,Type-II,28,2019-04-01,https://www.mhlw.go.jp/bunya/kenkou/kekkaku-kansenshou15/02-02-01.html,https://code4sabae.github.io/bedforinfection/
Yamaguchi,Hospital_bed,Type-II,38,2019-04-01,https://www.mhlw.go.jp/bunya/kenkou/kekkaku-kansenshou15/02-02-01.html,https://code4sabae.github.io/bedforinfection/
Tokushima,Hospital_bed,Type-II,21,2019-04-01,https://www.mhlw.go.jp/bunya/kenkou/kekkaku-kansenshou15/02-02-01.html,https://code4sabae.github.io/bedforinfection/
Kagawa,Hospital_bed,Type-II,22,2019-04-01,https://www.mhlw.go.jp/bunya/kenkou/kekkaku-kansenshou15/02-02-01.html,https://code4sabae.github.io/bedforinfection/
Ehime,Hospital_bed,Type-II,26,2019-04-01,https://www.mhlw.go.jp/bunya/kenkou/kekkaku-kansenshou15/02-02-01.html,https://code4sabae.github.io/bedforinfection/
Kochi,Hospital_bed,Type-II,9,2019-04-01,https://www.mhlw.go.jp/bunya/kenkou/kekkaku-kansenshou15/02-02-01.html,https://code4sabae.github.io/bedforinfection/
Fukuoka,Hospital_bed,Type-II,64,2019-04-01,https://www.mhlw.go.jp/bunya/kenkou/kekkaku-kansenshou15/02-02-01.html,https://code4sabae.github.io/bedforinfection/
Saga,Hospital_bed,Type-II,22,2019-04-01,https://www.mhlw.go.jp/bunya/kenkou/kekkaku-kansenshou15/02-02-01.html,https://code4sabae.github.io/bedforinfection/
Nagasaki,Hospital_bed,Type-II,36,2019-04-01,https://www.mhlw.go.jp/bunya/kenkou/kekkaku-kansenshou15/02-02-01.html,https://code4sabae.github.io/bedforinfection/
Kumamoto,Hospital_bed,Type-II,46,2019-04-01,https://www.mhlw.go.jp/bunya/kenkou/kekkaku-kansenshou15/02-02-01.html,https://code4sabae.github.io/bedforinfection/
Oita,Hospital_bed,Type-II,38,2019-04-01,https://www.mhlw.go.jp/bunya/kenkou/kekkaku-kansenshou15/02-02-01.html,https://code4sabae.github.io/bedforinfection/
Miyazaki,Hospital_bed,Type-II,30,2019-04-01,https://www.mhlw.go.jp/bunya/kenkou/kekkaku-kansenshou15/02-02-01.html,https://code4sabae.github.io/bedforinfection/
Kagoshima,Hospital_bed,Type-II,44,2019-04-01,https://www.mhlw.go.jp/bunya/kenkou/kekkaku-kansenshou15/02-02-01.html,https://code4sabae.github.io/bedforinfection/
Okinawa,Hospital_bed,Type-II,20,2019-04-01,https://www.mhlw.go.jp/bunya/kenkou/kekkaku-kansenshou15/02-02-01.html,https://code4sabae.github.io/bedforinfection/
Hokkaido,Hospital_bed,Tuberculosis,153,2019-04-01,https://www.mhlw.go.jp/bunya/kenkou/kekkaku-kansenshou15/02-02-01.html,https://code4sabae.github.io/bedforinfection/
Aomori,Hospital_bed,Tuberculosis,33,2019-04-01,https://www.mhlw.go.jp/bunya/kenkou/kekkaku-kansenshou15/02-02-01.html,https://code4sabae.github.io/bedforinfection/
Iwate,Hospital_bed,Tuberculosis,91,2019-04-01,https://www.mhlw.go.jp/bunya/kenkou/kekkaku-kansenshou15/02-02-01.html,https://code4sabae.github.io/bedforinfection/
Miyagi,Hospital_bed,Tuberculosis,28,2019-04-01,https://www.mhlw.go.jp/bunya/kenkou/kekkaku-kansenshou15/02-02-01.html,https://code4sabae.github.io/bedforinfection/
Akita,Hospital_bed,Tuberculosis,44,2019-04-01,https://www.mhlw.go.jp/bunya/kenkou/kekkaku-kansenshou15/02-02-01.html,https://code4sabae.github.io/bedforinfection/
Yamagata,Hospital_bed,Tuberculosis,0,2019-04-01,https://www.mhlw.go.jp/bunya/kenkou/kekkaku-kansenshou15/02-02-01.html,https://code4sabae.github.io/bedforinfection/
Fukushima,Hospital_bed,Tuberculosis,65,2019-04-01,https://www.mhlw.go.jp/bunya/kenkou/kekkaku-kansenshou15/02-02-01.html,https://code4sabae.github.io/bedforinfection/
Ibaraki,Hospital_bed,Tuberculosis,66,2019-04-01,https://www.mhlw.go.jp/bunya/kenkou/kekkaku-kansenshou15/02-02-01.html,https://code4sabae.github.io/bedforinfection/
Tochigi,Hospital_bed,Tuberculosis,45,2019-04-01,https://www.mhlw.go.jp/bunya/kenkou/kekkaku-kansenshou15/02-02-01.html,https://code4sabae.github.io/bedforinfection/
Gunma,Hospital_bed,Tuberculosis,4,2019-04-01,https://www.mhlw.go.jp/bunya/kenkou/kekkaku-kansenshou15/02-02-01.html,https://code4sabae.github.io/bedforinfection/
Saitama,Hospital_bed,Tuberculosis,80,2019-04-01,https://www.mhlw.go.jp/bunya/kenkou/kekkaku-kansenshou15/02-02-01.html,https://code4sabae.github.io/bedforinfection/
Chiba,Hospital_bed,Tuberculosis,73,2019-04-01,https://www.mhlw.go.jp/bunya/kenkou/kekkaku-kansenshou15/02-02-01.html,https://code4sabae.github.io/bedforinfection/
Tokyo,Hospital_bed,Tuberculosis,412,2019-04-01,https://www.mhlw.go.jp/bunya/kenkou/kekkaku-kansenshou15/02-02-01.html,https://code4sabae.github.io/bedforinfection/
Kanagawa,Hospital_bed,Tuberculosis,166,2019-04-01,https://www.mhlw.go.jp/bunya/kenkou/kekkaku-kansenshou15/02-02-01.html,https://code4sabae.github.io/bedforinfection/
Niigata,Hospital_bed,Tuberculosis,30,2019-04-01,https://www.mhlw.go.jp/bunya/kenkou/kekkaku-kansenshou15/02-02-01.html,https://code4sabae.github.io/bedforinfection/
Toyama,Hospital_bed,Tuberculosis,77,2019-04-01,https://www.mhlw.go.jp/bunya/kenkou/kekkaku-kansenshou15/02-02-01.html,https://code4sabae.github.io/bedforinfection/
Ishikawa,Hospital_bed,Tuberculosis,47,2019-04-01,https://www.mhlw.go.jp/bunya/kenkou/kekkaku-kansenshou15/02-02-01.html,https://code4sabae.github.io/bedforinfection/
Fukui,Hospital_bed,Tuberculosis,28,2019-04-01,https://www.mhlw.go.jp/bunya/kenkou/kekkaku-kansenshou15/02-02-01.html,https://code4sabae.github.io/bedforinfection/
Yamanashi,Hospital_bed,Tuberculosis,16,2019-04-01,https://www.mhlw.go.jp/bunya/kenkou/kekkaku-kansenshou15/02-02-01.html,https://code4sabae.github.io/bedforinfection/
Nagano,Hospital_bed,Tuberculosis,45,2019-04-01,https://www.mhlw.go.jp/bunya/kenkou/kekkaku-kansenshou15/02-02-01.html,https://code4sabae.github.io/bedforinfection/
Gifu,Hospital_bed,Tuberculosis,95,2019-04-01,https://www.mhlw.go.jp/bunya/kenkou/kekkaku-kansenshou15/02-02-01.html,https://code4sabae.github.io/bedforinfection/
Shizuoka,Hospital_bed,Tuberculosis,100,2019-04-01,https://www.mhlw.go.jp/bunya/kenkou/kekkaku-kansenshou15/02-02-01.html,https://code4sabae.github.io/bedforinfection/
Aichi,Hospital_bed,Tuberculosis,136,2019-04-01,https://www.mhlw.go.jp/bunya/kenkou/kekkaku-kansenshou15/02-02-01.html,https://code4sabae.github.io/bedforinfection/
Mie,Hospital_bed,Tuberculosis,30,2019-04-01,https://www.mhlw.go.jp/bunya/kenkou/kekkaku-kansenshou15/02-02-01.html,https://code4sabae.github.io/bedforinfection/
Shiga,Hospital_bed,Tuberculosis,36,2019-04-01,https://www.mhlw.go.jp/bunya/kenkou/kekkaku-kansenshou15/02-02-01.html,https://code4sabae.github.io/bedforinfection/
Kyoto,Hospital_bed,Tuberculosis,93,2019-04-01,https://www.mhlw.go.jp/bunya/kenkou/kekkaku-kansenshou15/02-02-01.html,https://code4sabae.github.io/bedforinfection/
Osaka,Hospital_bed,Tuberculosis,292,2019-04-01,https://www.mhlw.go.jp/bunya/kenkou/kekkaku-kansenshou15/02-02-01.html,https://code4sabae.github.io/bedforinfection/
Hyogo,Hospital_bed,Tuberculosis,150,2019-04-01,https://www.mhlw.go.jp/bunya/kenkou/kekkaku-kansenshou15/02-02-01.html,https://code4sabae.github.io/bedforinfection/
Nara,Hospital_bed,Tuberculosis,30,2019-04-01,https://www.mhlw.go.jp/bunya/kenkou/kekkaku-kansenshou15/02-02-01.html,https://code4sabae.github.io/bedforinfection/
Wakayama,Hospital_bed,Tuberculosis,15,2019-04-01,https://www.mhlw.go.jp/bunya/kenkou/kekkaku-kansenshou15/02-02-01.html,https://code4sabae.github.io/bedforinfection/
Tottori,Hospital_bed,Tuberculosis,16,2019-04-01,https://www.mhlw.go.jp/bunya/kenkou/kekkaku-kansenshou15/02-02-01.html,https://code4sabae.github.io/bedforinfection/
Shimane,Hospital_bed,Tuberculosis,16,2019-04-01,https://www.mhlw.go.jp/bunya/kenkou/kekkaku-kansenshou15/02-02-01.html,https://code4sabae.github.io/bedforinfection/
Okayama,Hospital_bed,Tuberculosis,89,2019-04-01,https://www.mhlw.go.jp/bunya/kenkou/kekkaku-kansenshou15/02-02-01.html,https://code4sabae.github.io/bedforinfection/
Hiroshima,Hospital_bed,Tuberculosis,68,2019-04-01,https://www.mhlw.go.jp/bunya/kenkou/kekkaku-kansenshou15/02-02-01.html,https://code4sabae.github.io/bedforinfection/
Yamaguchi,Hospital_bed,Tuberculosis,30,2019-04-01,https://www.mhlw.go.jp/bunya/kenkou/kekkaku-kansenshou15/02-02-01.html,https://code4sabae.github.io/bedforinfection/
Tokushima,Hospital_bed,Tuberculosis,37,2019-04-01,https://www.mhlw.go.jp/bunya/kenkou/kekkaku-kansenshou15/02-02-01.html,https://code4sabae.github.io/bedforinfection/
Kagawa,Hospital_bed,Tuberculosis,30,2019-04-01,https://www.mhlw.go.jp/bunya/kenkou/kekkaku-kansenshou15/02-02-01.html,https://code4sabae.github.io/bedforinfection/
Ehime,Hospital_bed,Tuberculosis,54,2019-04-01,https://www.mhlw.go.jp/bunya/kenkou/kekkaku-kansenshou15/02-02-01.html,https://code4sabae.github.io/bedforinfection/
Kochi,Hospital_bed,Tuberculosis,57,2019-04-01,https://www.mhlw.go.jp/bunya/kenkou/kekkaku-kansenshou15/02-02-01.html,https://code4sabae.github.io/bedforinfection/
Fukuoka,Hospital_bed,Tuberculosis,191,2019-04-01,https://www.mhlw.go.jp/bunya/kenkou/kekkaku-kansenshou15/02-02-01.html,https://code4sabae.github.io/bedforinfection/
Saga,Hospital_bed,Tuberculosis,30,2019-04-01,https://www.mhlw.go.jp/bunya/kenkou/kekkaku-kansenshou15/02-02-01.html,https://code4sabae.github.io/bedforinfection/
Nagasaki,Hospital_bed,Tuberculosis,81,2019-04-01,https://www.mhlw.go.jp/bunya/kenkou/kekkaku-kansenshou15/02-02-01.html,https://code4sabae.github.io/bedforinfection/
Kumamoto,Hospital_bed,Tuberculosis,95,2019-04-01,https://www.mhlw.go.jp/bunya/kenkou/kekkaku-kansenshou15/02-02-01.html,https://code4sabae.github.io/bedforinfection/
Oita,Hospital_bed,Tuberculosis,50,2019-04-01,https://www.mhlw.go.jp/bunya/kenkou/kekkaku-kansenshou15/02-02-01.html,https://code4sabae.github.io/bedforinfection/
Miyazaki,Hospital_bed,Tuberculosis,33,2019-04-01,https://www.mhlw.go.jp/bunya/kenkou/kekkaku-kansenshou15/02-02-01.html,https://code4sabae.github.io/bedforinfection/
Kagoshima,Hospital_bed,Tuberculosis,98,2019-04-01,https://www.mhlw.go.jp/bunya/kenkou/kekkaku-kansenshou15/02-02-01.html,https://code4sabae.github.io/bedforinfection/
Okinawa,Hospital_bed,Tuberculosis,47,2019-04-01,https://www.mhlw.go.jp/bunya/kenkou/kekkaku-kansenshou15/02-02-01.html,https://code4sabae.github.io/bedforinfection/
Hokkaido,Hospital_bed,Care,20822,2020-01-31,https://www.mhlw.go.jp/toukei/saikin/hw/iryosd/m20/is2001.html,
Aomori,Hospital_bed,Care,2614,2020-01-31,https://www.mhlw.go.jp/toukei/saikin/hw/iryosd/m20/is2001.html,
Iwate,Hospital_bed,Care,2310,2020-01-31,https://www.mhlw.go.jp/toukei/saikin/hw/iryosd/m20/is2001.html,
Miyagi,Hospital_bed,Care,3431,2020-01-31,https://www.mhlw.go.jp/toukei/saikin/hw/iryosd/m20/is2001.html,
Akita,Hospital_bed,Care,2035,2020-01-31,https://www.mhlw.go.jp/toukei/saikin/hw/iryosd/m20/is2001.html,
Yamagata,Hospital_bed,Care,2068,2020-01-31,https://www.mhlw.go.jp/toukei/saikin/hw/iryosd/m20/is2001.html,
Fukushima,Hospital_bed,Care,3143,2020-01-31,https://www.mhlw.go.jp/toukei/saikin/hw/iryosd/m20/is2001.html,
Ibaraki,Hospital_bed,Care,5587,2020-01-31,https://www.mhlw.go.jp/toukei/saikin/hw/iryosd/m20/is2001.html,
Tochigi,Hospital_bed,Care,4094,2020-01-31,https://www.mhlw.go.jp/toukei/saikin/hw/iryosd/m20/is2001.html,
Gunma,Hospital_bed,Care,4208,2020-01-31,https://www.mhlw.go.jp/toukei/saikin/hw/iryosd/m20/is2001.html,
Saitama,Hospital_bed,Care,11449,2020-01-31,https://www.mhlw.go.jp/toukei/saikin/hw/iryosd/m20/is2001.html,
Chiba,Hospital_bed,Care,10587,2020-01-31,https://www.mhlw.go.jp/toukei/saikin/hw/iryosd/m20/is2001.html,
Tokyo,Hospital_bed,Care,23604,2020-01-31,https://www.mhlw.go.jp/toukei/saikin/hw/iryosd/m20/is2001.html,
Kanagawa,Hospital_bed,Care,13184,2020-01-31,https://www.mhlw.go.jp/toukei/saikin/hw/iryosd/m20/is2001.html,
Niigata,Hospital_bed,Care,4329,2020-01-31,https://www.mhlw.go.jp/toukei/saikin/hw/iryosd/m20/is2001.html,
Toyama,Hospital_bed,Care,4209,2020-01-31,https://www.mhlw.go.jp/toukei/saikin/hw/iryosd/m20/is2001.html,
Ishikawa,Hospital_bed,Care,3753,2020-01-31,https://www.mhlw.go.jp/toukei/saikin/hw/iryosd/m20/is2001.html,
Fukui,Hospital_bed,Care,1852,2020-01-31,https://www.mhlw.go.jp/toukei/saikin/hw/iryosd/m20/is2001.html,
Yamanashi,Hospital_bed,Care,2036,2020-01-31,https://www.mhlw.go.jp/toukei/saikin/hw/iryosd/m20/is2001.html,
Nagano,Hospital_bed,Care,3572,2020-01-31,https://www.mhlw.go.jp/toukei/saikin/hw/iryosd/m20/is2001.html,
Gifu,Hospital_bed,Care,3136,2020-01-31,https://www.mhlw.go.jp/toukei/saikin/hw/iryosd/m20/is2001.html,
Shizuoka,Hospital_bed,Care,9814,2020-01-31,https://www.mhlw.go.jp/toukei/saikin/hw/iryosd/m20/is2001.html,
Aichi,Hospital_bed,Care,14577,2020-01-31,https://www.mhlw.go.jp/toukei/saikin/hw/iryosd/m20/is2001.html,
Mie,Hospital_bed,Care,3927,2020-01-31,https://www.mhlw.go.jp/toukei/saikin/hw/iryosd/m20/is2001.html,
Shiga,Hospital_bed,Care,2636,2020-01-31,https://www.mhlw.go.jp/toukei/saikin/hw/iryosd/m20/is2001.html,
Kyoto,Hospital_bed,Care,5408,2020-01-31,https://www.mhlw.go.jp/toukei/saikin/hw/iryosd/m20/is2001.html,
Osaka,Hospital_bed,Care,21124,2020-01-31,https://www.mhlw.go.jp/toukei/saikin/hw/iryosd/m20/is2001.html,
Hyogo,Hospital_bed,Care,13120,2020-01-31,https://www.mhlw.go.jp/toukei/saikin/hw/iryosd/m20/is2001.html,
Nara,Hospital_bed,Care,2837,2020-01-31,https://www.mhlw.go.jp/toukei/saikin/hw/iryosd/m20/is2001.html,
Wakayama,Hospital_bed,Care,2493,2020-01-31,https://www.mhlw.go.jp/toukei/saikin/hw/iryosd/m20/is2001.html,
Tottori,Hospital_bed,Care,1814,2020-01-31,https://www.mhlw.go.jp/toukei/saikin/hw/iryosd/m20/is2001.html,
Shimane,Hospital_bed,Care,1956,2020-01-31,https://www.mhlw.go.jp/toukei/saikin/hw/iryosd/m20/is2001.html,
Okayama,Hospital_bed,Care,4345,2020-01-31,https://www.mhlw.go.jp/toukei/saikin/hw/iryosd/m20/is2001.html,
Hiroshima,Hospital_bed,Care,8984,2020-01-31,https://www.mhlw.go.jp/toukei/saikin/hw/iryosd/m20/is2001.html,
Yamaguchi,Hospital_bed,Care,8674,2020-01-31,https://www.mhlw.go.jp/toukei/saikin/hw/iryosd/m20/is2001.html,
Tokushima,Hospital_bed,Care,4001,2020-01-31,https://www.mhlw.go.jp/toukei/saikin/hw/iryosd/m20/is2001.html,
Kagawa,Hospital_bed,Care,2377,2020-01-31,https://www.mhlw.go.jp/toukei/saikin/hw/iryosd/m20/is2001.html,
Ehime,Hospital_bed,Care,4574,2020-01-31,https://www.mhlw.go.jp/toukei/saikin/hw/iryosd/m20/is2001.html,
Kochi,Hospital_bed,Care,6066,2020-01-31,https://www.mhlw.go.jp/toukei/saikin/hw/iryosd/m20/is2001.html,
Fukuoka,Hospital_bed,Care,18846,2020-01-31,https://www.mhlw.go.jp/toukei/saikin/hw/iryosd/m20/is2001.html,
Saga,Hospital_bed,Care,3983,2020-01-31,https://www.mhlw.go.jp/toukei/saikin/hw/iryosd/m20/is2001.html,
Nagasaki,Hospital_bed,Care,6092,2020-01-31,https://www.mhlw.go.jp/toukei/saikin/hw/iryosd/m20/is2001.html,
Kumamoto,Hospital_bed,Care,8340,2020-01-31,https://www.mhlw.go.jp/toukei/saikin/hw/iryosd/m20/is2001.html,
Oita,Hospital_bed,Care,2618,2020-01-31,https://www.mhlw.go.jp/toukei/saikin/hw/iryosd/m20/is2001.html,
Miyazaki,Hospital_bed,Care,3682,2020-01-31,https://www.mhlw.go.jp/toukei/saikin/hw/iryosd/m20/is2001.html,
Kagoshima,Hospital_bed,Care,7750,2020-01-31,https://www.mhlw.go.jp/toukei/saikin/hw/iryosd/m20/is2001.html,
Okinawa,Hospital_bed,Care,3804,2020-01-31,https://www.mhlw.go.jp/toukei/saikin/hw/iryosd/m20/is2001.html,
Hokkaido,Hospital_bed,Total,93050,2020-01-31,https://www.mhlw.go.jp/toukei/saikin/hw/iryosd/m20/is2001.html,
Aomori,Hospital_bed,Total,17075,2020-01-31,https://www.mhlw.go.jp/toukei/saikin/hw/iryosd/m20/is2001.html,
Iwate,Hospital_bed,Total,16557,2020-01-31,https://www.mhlw.go.jp/toukei/saikin/hw/iryosd/m20/is2001.html,
Miyagi,Hospital_bed,Total,25121,2020-01-31,https://www.mhlw.go.jp/toukei/saikin/hw/iryosd/m20/is2001.html,
Akita,Hospital_bed,Total,14627,2020-01-31,https://www.mhlw.go.jp/toukei/saikin/hw/iryosd/m20/is2001.html,
Yamagata,Hospital_bed,Total,14234,2020-01-31,https://www.mhlw.go.jp/toukei/saikin/hw/iryosd/m20/is2001.html,
Fukushima,Hospital_bed,Total,24458,2020-01-31,https://www.mhlw.go.jp/toukei/saikin/hw/iryosd/m20/is2001.html,
Ibaraki,Hospital_bed,Total,30854,2020-01-31,https://www.mhlw.go.jp/toukei/saikin/hw/iryosd/m20/is2001.html,
Tochigi,Hospital_bed,Total,20786,2020-01-31,https://www.mhlw.go.jp/toukei/saikin/hw/iryosd/m20/is2001.html,
Gunma,Hospital_bed,Total,23823,2020-01-31,https://www.mhlw.go.jp/toukei/saikin/hw/iryosd/m20/is2001.html,
Saitama,Hospital_bed,Total,62938,2020-01-31,https://www.mhlw.go.jp/toukei/saikin/hw/iryosd/m20/is2001.html,
Chiba,Hospital_bed,Total,59249,2020-01-31,https://www.mhlw.go.jp/toukei/saikin/hw/iryosd/m20/is2001.html,
Tokyo,Hospital_bed,Total,127373,2020-01-31,https://www.mhlw.go.jp/toukei/saikin/hw/iryosd/m20/is2001.html,
Kanagawa,Hospital_bed,Total,74006,2020-01-31,https://www.mhlw.go.jp/toukei/saikin/hw/iryosd/m20/is2001.html,
Niigata,Hospital_bed,Total,27362,2020-01-31,https://www.mhlw.go.jp/toukei/saikin/hw/iryosd/m20/is2001.html,
Toyama,Hospital_bed,Total,15784,2020-01-31,https://www.mhlw.go.jp/toukei/saikin/hw/iryosd/m20/is2001.html,
Ishikawa,Hospital_bed,Total,17294,2020-01-31,https://www.mhlw.go.jp/toukei/saikin/hw/iryosd/m20/is2001.html,
Fukui,Hospital_bed,Total,10516,2020-01-31,https://www.mhlw.go.jp/toukei/saikin/hw/iryosd/m20/is2001.html,
Yamanashi,Hospital_bed,Total,10684,2020-01-31,https://www.mhlw.go.jp/toukei/saikin/hw/iryosd/m20/is2001.html,
Nagano,Hospital_bed,Total,23351,2020-01-31,https://www.mhlw.go.jp/toukei/saikin/hw/iryosd/m20/is2001.html,
Gifu,Hospital_bed,Total,20068,2020-01-31,https://www.mhlw.go.jp/toukei/saikin/hw/iryosd/m20/is2001.html,
Shizuoka,Hospital_bed,Total,37586,2020-01-31,https://www.mhlw.go.jp/toukei/saikin/hw/iryosd/m20/is2001.html,
Aichi,Hospital_bed,Total,67109,2020-01-31,https://www.mhlw.go.jp/toukei/saikin/hw/iryosd/m20/is2001.html,
Mie,Hospital_bed,Total,19621,2020-01-31,https://www.mhlw.go.jp/toukei/saikin/hw/iryosd/m20/is2001.html,
Shiga,Hospital_bed,Total,14123,2020-01-31,https://www.mhlw.go.jp/toukei/saikin/hw/iryosd/m20/is2001.html,
Kyoto,Hospital_bed,Total,34219,2020-01-31,https://www.mhlw.go.jp/toukei/saikin/hw/iryosd/m20/is2001.html,
Osaka,Hospital_bed,Total,105225,2020-01-31,https://www.mhlw.go.jp/toukei/saikin/hw/iryosd/m20/is2001.html,
Hyogo,Hospital_bed,Total,64408,2020-01-31,https://www.mhlw.go.jp/toukei/saikin/hw/iryosd/m20/is2001.html,
Nara,Hospital_bed,Total,16404,2020-01-31,https://www.mhlw.go.jp/toukei/saikin/hw/iryosd/m20/is2001.html,
Wakayama,Hospital_bed,Total,13230,2020-01-31,https://www.mhlw.go.jp/toukei/saikin/hw/iryosd/m20/is2001.html,
Tottori,Hospital_bed,Total,8421,2020-01-31,https://www.mhlw.go.jp/toukei/saikin/hw/iryosd/m20/is2001.html,
Shimane,Hospital_bed,Total,10241,2020-01-31,https://www.mhlw.go.jp/toukei/saikin/hw/iryosd/m20/is2001.html,
Okayama,Hospital_bed,Total,27651,2020-01-31,https://www.mhlw.go.jp/toukei/saikin/hw/iryosd/m20/is2001.html,
Hiroshima,Hospital_bed,Total,38683,2020-01-31,https://www.mhlw.go.jp/toukei/saikin/hw/iryosd/m20/is2001.html,
Yamaguchi,Hospital_bed,Total,25900,2020-01-31,https://www.mhlw.go.jp/toukei/saikin/hw/iryosd/m20/is2001.html,
Tokushima,Hospital_bed,Total,13942,2020-01-31,https://www.mhlw.go.jp/toukei/saikin/hw/iryosd/m20/is2001.html,
Kagawa,Hospital_bed,Total,14456,2020-01-31,https://www.mhlw.go.jp/toukei/saikin/hw/iryosd/m20/is2001.html,
Ehime,Hospital_bed,Total,21027,2020-01-31,https://www.mhlw.go.jp/toukei/saikin/hw/iryosd/m20/is2001.html,
Kochi,Hospital_bed,Total,17496,2020-01-31,https://www.mhlw.go.jp/toukei/saikin/hw/iryosd/m20/is2001.html,
Fukuoka,Hospital_bed,Total,83532,2020-01-31,https://www.mhlw.go.jp/toukei/saikin/hw/iryosd/m20/is2001.html,
Saga,Hospital_bed,Total,14505,2020-01-31,https://www.mhlw.go.jp/toukei/saikin/hw/iryosd/m20/is2001.html,
Nagasaki,Hospital_bed,Total,25975,2020-01-31,https://www.mhlw.go.jp/toukei/saikin/hw/iryosd/m20/is2001.html,
Kumamoto,Hospital_bed,Total,33710,2020-01-31,https://www.mhlw.go.jp/toukei/saikin/hw/iryosd/m20/is2001.html,
Oita,Hospital_bed,Total,19834,2020-01-31,https://www.mhlw.go.jp/toukei/saikin/hw/iryosd/m20/is2001.html,
Miyazaki,Hospital_bed,Total,18769,2020-01-31,https://www.mhlw.go.jp/toukei/saikin/hw/iryosd/m20/is2001.html,
Kagoshima,Hospital_bed,Total,32651,2020-01-31,https://www.mhlw.go.jp/toukei/saikin/hw/iryosd/m20/is2001.html,
Okinawa,Hospital_bed,Total,18710,2020-01-31,https://www.mhlw.go.jp/toukei/saikin/hw/iryosd/m20/is2001.html,
Hokkaido,Clinic_bed,Care,428,2020-01-31,https://www.mhlw.go.jp/toukei/saikin/hw/iryosd/m20/is2001.html,
Aomori,Clinic_bed,Care,114,2020-01-31,https://www.mhlw.go.jp/toukei/saikin/hw/iryosd/m20/is2001.html,
Iwate,Clinic_bed,Care,98,2020-01-31,https://www.mhlw.go.jp/toukei/saikin/hw/iryosd/m20/is2001.html,
Miyagi,Clinic_bed,Care,91,2020-01-31,https://www.mhlw.go.jp/toukei/saikin/hw/iryosd/m20/is2001.html,
Akita,Clinic_bed,Care,77,2020-01-31,https://www.mhlw.go.jp/toukei/saikin/hw/iryosd/m20/is2001.html,
Yamagata,Clinic_bed,Care,65,2020-01-31,https://www.mhlw.go.jp/toukei/saikin/hw/iryosd/m20/is2001.html,
Fukushima,Clinic_bed,Care,60,2020-01-31,https://www.mhlw.go.jp/toukei/saikin/hw/iryosd/m20/is2001.html,
Ibaraki,Clinic_bed,Care,120,2020-01-31,https://www.mhlw.go.jp/toukei/saikin/hw/iryosd/m20/is2001.html,
Tochigi,Clinic_bed,Care,56,2020-01-31,https://www.mhlw.go.jp/toukei/saikin/hw/iryosd/m20/is2001.html,
Gunma,Clinic_bed,Care,44,2020-01-31,https://www.mhlw.go.jp/toukei/saikin/hw/iryosd/m20/is2001.html,
Saitama,Clinic_bed,Care,34,2020-01-31,https://www.mhlw.go.jp/toukei/saikin/hw/iryosd/m20/is2001.html,
Chiba,Clinic_bed,Care,115,2020-01-31,https://www.mhlw.go.jp/toukei/saikin/hw/iryosd/m20/is2001.html,
Tokyo,Clinic_bed,Care,119,2020-01-31,https://www.mhlw.go.jp/toukei/saikin/hw/iryosd/m20/is2001.html,
Kanagawa,Clinic_bed,Care,139,2020-01-31,https://www.mhlw.go.jp/toukei/saikin/hw/iryosd/m20/is2001.html,
Niigata,Clinic_bed,Care,19,2020-01-31,https://www.mhlw.go.jp/toukei/saikin/hw/iryosd/m20/is2001.html,
Toyama,Clinic_bed,Care,12,2020-01-31,https://www.mhlw.go.jp/toukei/saikin/hw/iryosd/m20/is2001.html,
Ishikawa,Clinic_bed,Care,16,2020-01-31,https://www.mhlw.go.jp/toukei/saikin/hw/iryosd/m20/is2001.html,
Fukui,Clinic_bed,Care,131,2020-01-31,https://www.mhlw.go.jp/toukei/saikin/hw/iryosd/m20/is2001.html,
Yamanashi,Clinic_bed,Care,36,2020-01-31,https://www.mhlw.go.jp/toukei/saikin/hw/iryosd/m20/is2001.html,
Nagano,Clinic_bed,Care,113,2020-01-31,https://www.mhlw.go.jp/toukei/saikin/hw/iryosd/m20/is2001.html,
Gifu,Clinic_bed,Care,250,2020-01-31,https://www.mhlw.go.jp/toukei/saikin/hw/iryosd/m20/is2001.html,
Shizuoka,Clinic_bed,Care,56,2020-01-31,https://www.mhlw.go.jp/toukei/saikin/hw/iryosd/m20/is2001.html,
Aichi,Clinic_bed,Care,210,2020-01-31,https://www.mhlw.go.jp/toukei/saikin/hw/iryosd/m20/is2001.html,
Mie,Clinic_bed,Care,194,2020-01-31,https://www.mhlw.go.jp/toukei/saikin/hw/iryosd/m20/is2001.html,
Shiga,Clinic_bed,Care,17,2020-01-31,https://www.mhlw.go.jp/toukei/saikin/hw/iryosd/m20/is2001.html,
Kyoto,Clinic_bed,Care,25,2020-01-31,https://www.mhlw.go.jp/toukei/saikin/hw/iryosd/m20/is2001.html,
Osaka,Clinic_bed,Care,44,2020-01-31,https://www.mhlw.go.jp/toukei/saikin/hw/iryosd/m20/is2001.html,
Hyogo,Clinic_bed,Care,152,2020-01-31,https://www.mhlw.go.jp/toukei/saikin/hw/iryosd/m20/is2001.html,
Nara,Clinic_bed,Care,34,2020-01-31,https://www.mhlw.go.jp/toukei/saikin/hw/iryosd/m20/is2001.html,
Wakayama,Clinic_bed,Care,122,2020-01-31,https://www.mhlw.go.jp/toukei/saikin/hw/iryosd/m20/is2001.html,
Tottori,Clinic_bed,Care,18,2020-01-31,https://www.mhlw.go.jp/toukei/saikin/hw/iryosd/m20/is2001.html,
Shimane,Clinic_bed,Care,10,2020-01-31,https://www.mhlw.go.jp/toukei/saikin/hw/iryosd/m20/is2001.html,
Okayama,Clinic_bed,Care,321,2020-01-31,https://www.mhlw.go.jp/toukei/saikin/hw/iryosd/m20/is2001.html,
Hiroshima,Clinic_bed,Care,401,2020-01-31,https://www.mhlw.go.jp/toukei/saikin/hw/iryosd/m20/is2001.html,
Yamaguchi,Clinic_bed,Care,101,2020-01-31,https://www.mhlw.go.jp/toukei/saikin/hw/iryosd/m20/is2001.html,
Tokushima,Clinic_bed,Care,122,2020-01-31,https://www.mhlw.go.jp/toukei/saikin/hw/iryosd/m20/is2001.html,
Kagawa,Clinic_bed,Care,189,2020-01-31,https://www.mhlw.go.jp/toukei/saikin/hw/iryosd/m20/is2001.html,
Ehime,Clinic_bed,Care,257,2020-01-31,https://www.mhlw.go.jp/toukei/saikin/hw/iryosd/m20/is2001.html,
Kochi,Clinic_bed,Care,12,2020-01-31,https://www.mhlw.go.jp/toukei/saikin/hw/iryosd/m20/is2001.html,
Fukuoka,Clinic_bed,Care,798,2020-01-31,https://www.mhlw.go.jp/toukei/saikin/hw/iryosd/m20/is2001.html,
Saga,Clinic_bed,Care,285,2020-01-31,https://www.mhlw.go.jp/toukei/saikin/hw/iryosd/m20/is2001.html,
Nagasaki,Clinic_bed,Care,408,2020-01-31,https://www.mhlw.go.jp/toukei/saikin/hw/iryosd/m20/is2001.html,
Kumamoto,Clinic_bed,Care,497,2020-01-31,https://www.mhlw.go.jp/toukei/saikin/hw/iryosd/m20/is2001.html,
Oita,Clinic_bed,Care,269,2020-01-31,https://www.mhlw.go.jp/toukei/saikin/hw/iryosd/m20/is2001.html,
Miyazaki,Clinic_bed,Care,206,2020-01-31,https://www.mhlw.go.jp/toukei/saikin/hw/iryosd/m20/is2001.html,
Kagoshima,Clinic_bed,Care,652,2020-01-31,https://www.mhlw.go.jp/toukei/saikin/hw/iryosd/m20/is2001.html,
Okinawa,Clinic_bed,Care,83,2020-01-31,https://www.mhlw.go.jp/toukei/saikin/hw/iryosd/m20/is2001.html,
Hokkaido,Clinic_bed,Total,5585,2020-01-31,https://www.mhlw.go.jp/toukei/saikin/hw/iryosd/m20/is2001.html,
Aomori,Clinic_bed,Total,1906,2020-01-31,https://www.mhlw.go.jp/toukei/saikin/hw/iryosd/m20/is2001.html,
Iwate,Clinic_bed,Total,1255,2020-01-31,https://www.mhlw.go.jp/toukei/saikin/hw/iryosd/m20/is2001.html,
Miyagi,Clinic_bed,Total,1468,2020-01-31,https://www.mhlw.go.jp/toukei/saikin/hw/iryosd/m20/is2001.html,
Akita,Clinic_bed,Total,721,2020-01-31,https://www.mhlw.go.jp/toukei/saikin/hw/iryosd/m20/is2001.html,
Yamagata,Clinic_bed,Total,632,2020-01-31,https://www.mhlw.go.jp/toukei/saikin/hw/iryosd/m20/is2001.html,
Fukushima,Clinic_bed,Total,1228,2020-01-31,https://www.mhlw.go.jp/toukei/saikin/hw/iryosd/m20/is2001.html,
Ibaraki,Clinic_bed,Total,1647,2020-01-31,https://www.mhlw.go.jp/toukei/saikin/hw/iryosd/m20/is2001.html,
Tochigi,Clinic_bed,Total,1581,2020-01-31,https://www.mhlw.go.jp/toukei/saikin/hw/iryosd/m20/is2001.html,
Gunma,Clinic_bed,Total,1020,2020-01-31,https://www.mhlw.go.jp/toukei/saikin/hw/iryosd/m20/is2001.html,
Saitama,Clinic_bed,Total,2576,2020-01-31,https://www.mhlw.go.jp/toukei/saikin/hw/iryosd/m20/is2001.html,
Chiba,Clinic_bed,Total,2168,2020-01-31,https://www.mhlw.go.jp/toukei/saikin/hw/iryosd/m20/is2001.html,
Tokyo,Clinic_bed,Total,3645,2020-01-31,https://www.mhlw.go.jp/toukei/saikin/hw/iryosd/m20/is2001.html,
Kanagawa,Clinic_bed,Total,2308,2020-01-31,https://www.mhlw.go.jp/toukei/saikin/hw/iryosd/m20/is2001.html,
Niigata,Clinic_bed,Total,537,2020-01-31,https://www.mhlw.go.jp/toukei/saikin/hw/iryosd/m20/is2001.html,
Toyama,Clinic_bed,Total,467,2020-01-31,https://www.mhlw.go.jp/toukei/saikin/hw/iryosd/m20/is2001.html,
Ishikawa,Clinic_bed,Total,848,2020-01-31,https://www.mhlw.go.jp/toukei/saikin/hw/iryosd/m20/is2001.html,
Fukui,Clinic_bed,Total,1003,2020-01-31,https://www.mhlw.go.jp/toukei/saikin/hw/iryosd/m20/is2001.html,
Yamanashi,Clinic_bed,Total,457,2020-01-31,https://www.mhlw.go.jp/toukei/saikin/hw/iryosd/m20/is2001.html,
Nagano,Clinic_bed,Total,828,2020-01-31,https://www.mhlw.go.jp/toukei/saikin/hw/iryosd/m20/is2001.html,
Gifu,Clinic_bed,Total,1524,2020-01-31,https://www.mhlw.go.jp/toukei/saikin/hw/iryosd/m20/is2001.html,
Shizuoka,Clinic_bed,Total,1928,2020-01-31,https://www.mhlw.go.jp/toukei/saikin/hw/iryosd/m20/is2001.html,
Aichi,Clinic_bed,Total,3663,2020-01-31,https://www.mhlw.go.jp/toukei/saikin/hw/iryosd/m20/is2001.html,
Mie,Clinic_bed,Total,1128,2020-01-31,https://www.mhlw.go.jp/toukei/saikin/hw/iryosd/m20/is2001.html,
Shiga,Clinic_bed,Total,499,2020-01-31,https://www.mhlw.go.jp/toukei/saikin/hw/iryosd/m20/is2001.html,
Kyoto,Clinic_bed,Total,703,2020-01-31,https://www.mhlw.go.jp/toukei/saikin/hw/iryosd/m20/is2001.html,
Osaka,Clinic_bed,Total,2148,2020-01-31,https://www.mhlw.go.jp/toukei/saikin/hw/iryosd/m20/is2001.html,
Hyogo,Clinic_bed,Total,2548,2020-01-31,https://www.mhlw.go.jp/toukei/saikin/hw/iryosd/m20/is2001.html,
Nara,Clinic_bed,Total,435,2020-01-31,https://www.mhlw.go.jp/toukei/saikin/hw/iryosd/m20/is2001.html,
Wakayama,Clinic_bed,Total,861,2020-01-31,https://www.mhlw.go.jp/toukei/saikin/hw/iryosd/m20/is2001.html,
Tottori,Clinic_bed,Total,445,2020-01-31,https://www.mhlw.go.jp/toukei/saikin/hw/iryosd/m20/is2001.html,
Shimane,Clinic_bed,Total,441,2020-01-31,https://www.mhlw.go.jp/toukei/saikin/hw/iryosd/m20/is2001.html,
Okayama,Clinic_bed,Total,2046,2020-01-31,https://www.mhlw.go.jp/toukei/saikin/hw/iryosd/m20/is2001.html,
Hiroshima,Clinic_bed,Total,2655,2020-01-31,https://www.mhlw.go.jp/toukei/saikin/hw/iryosd/m20/is2001.html,
Yamaguchi,Clinic_bed,Total,1440,2020-01-31,https://www.mhlw.go.jp/toukei/saikin/hw/iryosd/m20/is2001.html,
Tokushima,Clinic_bed,Total,1546,2020-01-31,https://www.mhlw.go.jp/toukei/saikin/hw/iryosd/m20/is2001.html,
Kagawa,Clinic_bed,Total,1379,2020-01-31,https://www.mhlw.go.jp/toukei/saikin/hw/iryosd/m20/is2001.html,
Ehime,Clinic_bed,Total,2351,2020-01-31,https://www.mhlw.go.jp/toukei/saikin/hw/iryosd/m20/is2001.html,
Kochi,Clinic_bed,Total,1232,2020-01-31,https://www.mhlw.go.jp/toukei/saikin/hw/iryosd/m20/is2001.html,
Fukuoka,Clinic_bed,Total,6982,2020-01-31,https://www.mhlw.go.jp/toukei/saikin/hw/iryosd/m20/is2001.html,
Saga,Clinic_bed,Total,2184,2020-01-31,https://www.mhlw.go.jp/toukei/saikin/hw/iryosd/m20/is2001.html,
Nagasaki,Clinic_bed,Total,3321,2020-01-31,https://www.mhlw.go.jp/toukei/saikin/hw/iryosd/m20/is2001.html,
Kumamoto,Clinic_bed,Total,4628,2020-01-31,https://www.mhlw.go.jp/toukei/saikin/hw/iryosd/m20/is2001.html,
Oita,Clinic_bed,Total,3561,2020-01-31,https://www.mhlw.go.jp/toukei/saikin/hw/iryosd/m20/is2001.html,
Miyazaki,Clinic_bed,Total,2357,2020-01-31,https://www.mhlw.go.jp/toukei/saikin/hw/iryosd/m20/is2001.html,
Kagoshima,Clinic_bed,Total,4827,2020-01-31,https://www.mhlw.go.jp/toukei/saikin/hw/iryosd/m20/is2001.html,
Okinawa,Clinic_bed,Total,914,2020-01-31,https://www.mhlw.go.jp/toukei/saikin/hw/iryosd/m20/is2001.html,
Hokkaido,Location,Latitude,43.065063,2014-10-14,,http://linkdata.org/work/rdf1s8i
Aomori,Location,Latitude,40.824592,2014-10-14,,http://linkdata.org/work/rdf1s8i
Iwate,Location,Latitude,39.70367,2014-10-14,,http://linkdata.org/work/rdf1s8i
Miyagi,Location,Latitude,38.268915,2014-10-14,,http://linkdata.org/work/rdf1s8i
Akita,Location,Latitude,39.718353,2014-10-14,,http://linkdata.org/work/rdf1s8i
Yamagata,Location,Latitude,38.240354,2014-10-14,,http://linkdata.org/work/rdf1s8i
Fukushima,Location,Latitude,37.750324,2014-10-14,,http://linkdata.org/work/rdf1s8i
Ibaraki,Location,Latitude,36.341981,2014-10-14,,http://linkdata.org/work/rdf1s8i
Tochigi,Location,Latitude,36.565875,2014-10-14,,http://linkdata.org/work/rdf1s8i
Gunma,Location,Latitude,36.391389,2014-10-14,,http://linkdata.org/work/rdf1s8i
Saitama,Location,Latitude,35.857944,2014-10-14,,http://linkdata.org/work/rdf1s8i
Chiba,Location,Latitude,35.604757,2014-10-14,,http://linkdata.org/work/rdf1s8i
Tokyo,Location,Latitude,35.689439,2014-10-14,,http://linkdata.org/work/rdf1s8i
Kanagawa,Location,Latitude,35.447692,2014-10-14,,http://linkdata.org/work/rdf1s8i
Niigata,Location,Latitude,37.901881,2014-10-14,,http://linkdata.org/work/rdf1s8i
Toyama,Location,Latitude,36.695376,2014-10-14,,http://linkdata.org/work/rdf1s8i
Ishikawa,Location,Latitude,36.594848,2014-10-14,,http://linkdata.org/work/rdf1s8i
Fukui,Location,Latitude,36.065449,2014-10-14,,http://linkdata.org/work/rdf1s8i
Yamanashi,Location,Latitude,35.665316,2014-10-14,,http://linkdata.org/work/rdf1s8i
Nagano,Location,Latitude,36.651473,2014-10-14,,http://linkdata.org/work/rdf1s8i
Gifu,Location,Latitude,35.39135,2014-10-14,,http://linkdata.org/work/rdf1s8i
Shizuoka,Location,Latitude,34.977136,2014-10-14,,http://linkdata.org/work/rdf1s8i
Aichi,Location,Latitude,35.180464,2014-10-14,,http://linkdata.org/work/rdf1s8i
Mie,Location,Latitude,34.730724,2014-10-14,,http://linkdata.org/work/rdf1s8i
Shiga,Location,Latitude,35.004717,2014-10-14,,http://linkdata.org/work/rdf1s8i
Kyoto,Location,Latitude,35.02114,2014-10-14,,http://linkdata.org/work/rdf1s8i
Osaka,Location,Latitude,34.6830438,2014-10-14,,http://linkdata.org/work/rdf1s8i
Hyogo,Location,Latitude,34.691468,2014-10-14,,http://linkdata.org/work/rdf1s8i
Nara,Location,Latitude,34.685425,2014-10-14,,http://linkdata.org/work/rdf1s8i
Wakayama,Location,Latitude,34.225172,2014-10-14,,http://linkdata.org/work/rdf1s8i
Tottori,Location,Latitude,35.503653,2014-10-14,,http://linkdata.org/work/rdf1s8i
Shimane,Location,Latitude,35.471366,2014-10-14,,http://linkdata.org/work/rdf1s8i
Okayama,Location,Latitude,34.66169,2014-10-14,,http://linkdata.org/work/rdf1s8i
Hiroshima,Location,Latitude,34.39588,2014-10-14,,http://linkdata.org/work/rdf1s8i
Yamaguchi,Location,Latitude,34.185891,2014-10-14,,http://linkdata.org/work/rdf1s8i
Tokushima,Location,Latitude,34.065921,2014-10-14,,http://linkdata.org/work/rdf1s8i
Kagawa,Location,Latitude,34.340336,2014-10-14,,http://linkdata.org/work/rdf1s8i
Ehime,Location,Latitude,33.841878,2014-10-14,,http://linkdata.org/work/rdf1s8i
Kochi,Location,Latitude,33.559868,2014-10-14,,http://linkdata.org/work/rdf1s8i
Fukuoka,Location,Latitude,33.606935,2014-10-14,,http://linkdata.org/work/rdf1s8i
Saga,Location,Latitude,33.249527,2014-10-14,,http://linkdata.org/work/rdf1s8i
Nagasaki,Location,Latitude,32.744674,2014-10-14,,http://linkdata.org/work/rdf1s8i
Kumamoto,Location,Latitude,32.790513,2014-10-14,,http://linkdata.org/work/rdf1s8i
Oita,Location,Latitude,33.238391,2014-10-14,,http://linkdata.org/work/rdf1s8i
Miyazaki,Location,Latitude,31.911188,2014-10-14,,http://linkdata.org/work/rdf1s8i
Kagoshima,Location,Latitude,31.560052,2014-10-14,,http://linkdata.org/work/rdf1s8i
Okinawa,Location,Latitude,26.211761,2014-10-14,,http://linkdata.org/work/rdf1s8i
Hokkaido,Location,Longitude,141.347644 ,2014-10-14,,http://linkdata.org/work/rdf1s8i
Aomori,Location,Longitude,140.740031 ,2014-10-14,,http://linkdata.org/work/rdf1s8i
Iwate,Location,Longitude,141.152717 ,2014-10-14,,http://linkdata.org/work/rdf1s8i
Miyagi,Location,Longitude,140.872212 ,2014-10-14,,http://linkdata.org/work/rdf1s8i
Akita,Location,Longitude,140.103416 ,2014-10-14,,http://linkdata.org/work/rdf1s8i
Yamagata,Location,Longitude,140.362582 ,2014-10-14,,http://linkdata.org/work/rdf1s8i
Fukushima,Location,Longitude,140.466769 ,2014-10-14,,http://linkdata.org/work/rdf1s8i
Ibaraki,Location,Longitude,140.446792 ,2014-10-14,,http://linkdata.org/work/rdf1s8i
Tochigi,Location,Longitude,139.883507 ,2014-10-14,,http://linkdata.org/work/rdf1s8i
Gunma,Location,Longitude,139.060852 ,2014-10-14,,http://linkdata.org/work/rdf1s8i
Saitama,Location,Longitude,139.648663 ,2014-10-14,,http://linkdata.org/work/rdf1s8i
Chiba,Location,Longitude,140.123135 ,2014-10-14,,http://linkdata.org/work/rdf1s8i
Tokyo,Location,Longitude,139.691643 ,2014-10-14,,http://linkdata.org/work/rdf1s8i
Kanagawa,Location,Longitude,139.642323 ,2014-10-14,,http://linkdata.org/work/rdf1s8i
Niigata,Location,Longitude,139.022861 ,2014-10-14,,http://linkdata.org/work/rdf1s8i
Toyama,Location,Longitude,137.211319 ,2014-10-14,,http://linkdata.org/work/rdf1s8i
Ishikawa,Location,Longitude,136.625578 ,2014-10-14,,http://linkdata.org/work/rdf1s8i
Fukui,Location,Longitude,136.221702 ,2014-10-14,,http://linkdata.org/work/rdf1s8i
Yamanashi,Location,Longitude,138.568999 ,2014-10-14,,http://linkdata.org/work/rdf1s8i
Nagano,Location,Longitude,138.181066 ,2014-10-14,,http://linkdata.org/work/rdf1s8i
Gifu,Location,Longitude,136.722298 ,2014-10-14,,http://linkdata.org/work/rdf1s8i
Shizuoka,Location,Longitude,138.383122 ,2014-10-14,,http://linkdata.org/work/rdf1s8i
Aichi,Location,Longitude,136.906705 ,2014-10-14,,http://linkdata.org/work/rdf1s8i
Mie,Location,Longitude,136.508644 ,2014-10-14,,http://linkdata.org/work/rdf1s8i
Shiga,Location,Longitude,135.868637 ,2014-10-14,,http://linkdata.org/work/rdf1s8i
Kyoto,Location,Longitude,135.755796 ,2014-10-14,,http://linkdata.org/work/rdf1s8i
Osaka,Location,Longitude,135.522548 ,2014-10-14,,http://linkdata.org/work/rdf1s8i
Hyogo,Location,Longitude,135.183129 ,2014-10-14,,http://linkdata.org/work/rdf1s8i
Nara,Location,Longitude,135.832846 ,2014-10-14,,http://linkdata.org/work/rdf1s8i
Wakayama,Location,Longitude,135.167862 ,2014-10-14,,http://linkdata.org/work/rdf1s8i
Tottori,Location,Longitude,134.238240 ,2014-10-14,,http://linkdata.org/work/rdf1s8i
Shimane,Location,Longitude,133.050826 ,2014-10-14,,http://linkdata.org/work/rdf1s8i
Okayama,Location,Longitude,133.934067 ,2014-10-14,,http://linkdata.org/work/rdf1s8i
Hiroshima,Location,Longitude,132.459206 ,2014-10-14,,http://linkdata.org/work/rdf1s8i
Yamaguchi,Location,Longitude,131.470748 ,2014-10-14,,http://linkdata.org/work/rdf1s8i
Tokushima,Location,Longitude,134.559290 ,2014-10-14,,http://linkdata.org/work/rdf1s8i
Kagawa,Location,Longitude,134.043372 ,2014-10-14,,http://linkdata.org/work/rdf1s8i
Ehime,Location,Longitude,132.765825 ,2014-10-14,,http://linkdata.org/work/rdf1s8i
Kochi,Location,Longitude,133.530942 ,2014-10-14,,http://linkdata.org/work/rdf1s8i
Fukuoka,Location,Longitude,130.418206 ,2014-10-14,,http://linkdata.org/work/rdf1s8i
Saga,Location,Longitude,130.298815 ,2014-10-14,,http://linkdata.org/work/rdf1s8i
Nagasaki,Location,Longitude,129.873042 ,2014-10-14,,http://linkdata.org/work/rdf1s8i
Kumamoto,Location,Longitude,130.742388 ,2014-10-14,,http://linkdata.org/work/rdf1s8i
Oita,Location,Longitude,131.612658 ,2014-10-14,,http://linkdata.org/work/rdf1s8i
Miyazaki,Location,Longitude,131.423873 ,2014-10-14,,http://linkdata.org/work/rdf1s8i
Kagoshima,Location,Longitude,130.557745 ,2014-10-14,,http://linkdata.org/work/rdf1s8i
Okinawa,Location,Longitude,127.681119 ,2014-10-14,,http://linkdata.org/work/rdf1s8i
Hokkaido,Admin,Captial,Sapporo,2014-10-14,,http://linkdata.org/work/rdf1s8i
Aomori,Admin,Captial,Aomori,2014-10-14,,http://linkdata.org/work/rdf1s8i
Iwate,Admin,Captial,Morioka,2014-10-14,,http://linkdata.org/work/rdf1s8i
Miyagi,Admin,Captial,Sendai,2014-10-14,,http://linkdata.org/work/rdf1s8i
Akita,Admin,Captial,Akita,2014-10-14,,http://linkdata.org/work/rdf1s8i
Yamagata,Admin,Captial,Yamagata,2014-10-14,,http://linkdata.org/work/rdf1s8i
Fukushima,Admin,Captial,Fukushima,2014-10-14,,http://linkdata.org/work/rdf1s8i
Ibaraki,Admin,Captial,Mito,2014-10-14,,http://linkdata.org/work/rdf1s8i
Tochigi,Admin,Captial,Utsunomiya,2014-10-14,,http://linkdata.org/work/rdf1s8i
Gunma,Admin,Captial,Maebashi,2014-10-14,,http://linkdata.org/work/rdf1s8i
Saitama,Admin,Captial,Saitama,2014-10-14,,http://linkdata.org/work/rdf1s8i
Chiba,Admin,Captial,Chiba,2014-10-14,,http://linkdata.org/work/rdf1s8i
Tokyo,Admin,Captial,Tokyo,2014-10-14,,http://linkdata.org/work/rdf1s8i
Kanagawa,Admin,Captial,Yokohama,2014-10-14,,http://linkdata.org/work/rdf1s8i
Niigata,Admin,Captial,Niigata,2014-10-14,,http://linkdata.org/work/rdf1s8i
Toyama,Admin,Captial,Toyama,2014-10-14,,http://linkdata.org/work/rdf1s8i
Ishikawa,Admin,Captial,Ishikawa,2014-10-14,,http://linkdata.org/work/rdf1s8i
Fukui,Admin,Captial,Fukui,2014-10-14,,http://linkdata.org/work/rdf1s8i
Yamanashi,Admin,Captial,Yamanashi,2014-10-14,,http://linkdata.org/work/rdf1s8i
Nagano,Admin,Captial,Nagano,2014-10-14,,http://linkdata.org/work/rdf1s8i
Gifu,Admin,Captial,Gifu,2014-10-14,,http://linkdata.org/work/rdf1s8i
Shizuoka,Admin,Captial,Shizuoka,2014-10-14,,http://linkdata.org/work/rdf1s8i
Aichi,Admin,Captial,Nagoya,2014-10-14,,http://linkdata.org/work/rdf1s8i
Mie,Admin,Captial,Mie,2014-10-14,,http://linkdata.org/work/rdf1s8i
Shiga,Admin,Captial,Otsu,2014-10-14,,http://linkdata.org/work/rdf1s8i
Kyoto,Admin,Captial,Kyoto,2014-10-14,,http://linkdata.org/work/rdf1s8i
Osaka,Admin,Captial,Osaka,2014-10-14,,http://linkdata.org/work/rdf1s8i
Hyogo,Admin,Captial,Kobe,2014-10-14,,http://linkdata.org/work/rdf1s8i
Nara,Admin,Captial,Nara,2014-10-14,,http://linkdata.org/work/rdf1s8i
Wakayama,Admin,Captial,Wakayama,2014-10-14,,http://linkdata.org/work/rdf1s8i
Tottori,Admin,Captial,Tottori,2014-10-14,,http://linkdata.org/work/rdf1s8i
Shimane,Admin,Captial,Matsue,2014-10-14,,http://linkdata.org/work/rdf1s8i
Okayama,Admin,Captial,Okayama,2014-10-14,,http://linkdata.org/work/rdf1s8i
Hiroshima,Admin,Captial,Hiroshima,2014-10-14,,http://linkdata.org/work/rdf1s8i
Yamaguchi,Admin,Captial,Yamaguchi,2014-10-14,,http://linkdata.org/work/rdf1s8i
Tokushima,Admin,Captial,Tokushima,2014-10-14,,http://linkdata.org/work/rdf1s8i
Kagawa,Admin,Captial,Takamatsu,2014-10-14,,http://linkdata.org/work/rdf1s8i
Ehime,Admin,Captial,Matsuyama,2014-10-14,,http://linkdata.org/work/rdf1s8i
Kochi,Admin,Captial,Kochi,2014-10-14,,http://linkdata.org/work/rdf1s8i
Fukuoka,Admin,Captial,Fukuoka,2014-10-14,,http://linkdata.org/work/rdf1s8i
Saga,Admin,Captial,Saga,2014-10-14,,http://linkdata.org/work/rdf1s8i
Nagasaki,Admin,Captial,Nagasaki,2014-10-14,,http://linkdata.org/work/rdf1s8i
Kumamoto,Admin,Captial,Kumamoto,2014-10-14,,http://linkdata.org/work/rdf1s8i
Oita,Admin,Captial,Oita,2014-10-14,,http://linkdata.org/work/rdf1s8i
Miyazaki,Admin,Captial,Miyazaki,2014-10-14,,http://linkdata.org/work/rdf1s8i
Kagoshima,Admin,Captial,Kagoshima,2014-10-14,,http://linkdata.org/work/rdf1s8i
Okinawa,Admin,Captial,Naha,2014-10-14,,http://linkdata.org/work/rdf1s8i
Hokkaido,Admin,Region,Hokkaido,2020-04-11,,https://ja.wikipedia.org/wiki/%E6%97%A5%E6%9C%AC%E3%81%AE%E5%9C%B0%E5%9F%37F
Aomori,Admin,Region,Tohoku,2020-04-11,,https://ja.wikipedia.org/wiki/%E6%97%A5%E6%9C%AC%E3%81%AE%E5%9C%B0%E5%9F%36F
Iwate,Admin,Region,Tohoku,2020-04-11,,https://ja.wikipedia.org/wiki/%E6%97%A5%E6%9C%AC%E3%81%AE%E5%9C%B0%E5%9F%35F
Miyagi,Admin,Region,Tohoku,2020-04-11,,https://ja.wikipedia.org/wiki/%E6%97%A5%E6%9C%AC%E3%81%AE%E5%9C%B0%E5%9F%34F
Akita,Admin,Region,Tohoku,2020-04-11,,https://ja.wikipedia.org/wiki/%E6%97%A5%E6%9C%AC%E3%81%AE%E5%9C%B0%E5%9F%33F
Yamagata,Admin,Region,Tohoku,2020-04-11,,https://ja.wikipedia.org/wiki/%E6%97%A5%E6%9C%AC%E3%81%AE%E5%9C%B0%E5%9F%32F
Fukushima,Admin,Region,Tohoku,2020-04-11,,https://ja.wikipedia.org/wiki/%E6%97%A5%E6%9C%AC%E3%81%AE%E5%9C%B0%E5%9F%31F
Ibaraki,Admin,Region,Kanto,2020-04-11,,https://ja.wikipedia.org/wiki/%E6%97%A5%E6%9C%AC%E3%81%AE%E5%9C%B0%E5%9F%30F
Tochigi,Admin,Region,Kanto,2020-04-11,,https://ja.wikipedia.org/wiki/%E6%97%A5%E6%9C%AC%E3%81%AE%E5%9C%B0%E5%9F%29F
Gunma,Admin,Region,Kanto,2020-04-11,,https://ja.wikipedia.org/wiki/%E6%97%A5%E6%9C%AC%E3%81%AE%E5%9C%B0%E5%9F%28F
Saitama,Admin,Region,Kanto,2020-04-11,,https://ja.wikipedia.org/wiki/%E6%97%A5%E6%9C%AC%E3%81%AE%E5%9C%B0%E5%9F%27F
Chiba,Admin,Region,Kanto,2020-04-11,,https://ja.wikipedia.org/wiki/%E6%97%A5%E6%9C%AC%E3%81%AE%E5%9C%B0%E5%9F%26F
Tokyo,Admin,Region,Kanto,2020-04-11,,https://ja.wikipedia.org/wiki/%E6%97%A5%E6%9C%AC%E3%81%AE%E5%9C%B0%E5%9F%25F
Kanagawa,Admin,Region,Kanto,2020-04-11,,https://ja.wikipedia.org/wiki/%E6%97%A5%E6%9C%AC%E3%81%AE%E5%9C%B0%E5%9F%24F
Niigata,Admin,Region,Chubu,2020-04-11,,https://ja.wikipedia.org/wiki/%E6%97%A5%E6%9C%AC%E3%81%AE%E5%9C%B0%E5%9F%23F
Toyama,Admin,Region,Chubu,2020-04-11,,https://ja.wikipedia.org/wiki/%E6%97%A5%E6%9C%AC%E3%81%AE%E5%9C%B0%E5%9F%22F
Ishikawa,Admin,Region,Chubu,2020-04-11,,https://ja.wikipedia.org/wiki/%E6%97%A5%E6%9C%AC%E3%81%AE%E5%9C%B0%E5%9F%21F
Fukui,Admin,Region,Chubu,2020-04-11,,https://ja.wikipedia.org/wiki/%E6%97%A5%E6%9C%AC%E3%81%AE%E5%9C%B0%E5%9F%20F
Yamanashi,Admin,Region,Chubu,2020-04-11,,https://ja.wikipedia.org/wiki/%E6%97%A5%E6%9C%AC%E3%81%AE%E5%9C%B0%E5%9F%19F
Nagano,Admin,Region,Chubu,2020-04-11,,https://ja.wikipedia.org/wiki/%E6%97%A5%E6%9C%AC%E3%81%AE%E5%9C%B0%E5%9F%18F
Gifu,Admin,Region,Chubu,2020-04-11,,https://ja.wikipedia.org/wiki/%E6%97%A5%E6%9C%AC%E3%81%AE%E5%9C%B0%E5%9F%17F
Shizuoka,Admin,Region,Chubu,2020-04-11,,https://ja.wikipedia.org/wiki/%E6%97%A5%E6%9C%AC%E3%81%AE%E5%9C%B0%E5%9F%16F
Aichi,Admin,Region,Chubu,2020-04-11,,https://ja.wikipedia.org/wiki/%E6%97%A5%E6%9C%AC%E3%81%AE%E5%9C%B0%E5%9F%15F
Mie,Admin,Region,Kinki,2020-04-11,,https://ja.wikipedia.org/wiki/%E6%97%A5%E6%9C%AC%E3%81%AE%E5%9C%B0%E5%9F%14F
Shiga,Admin,Region,Kinki,2020-04-11,,https://ja.wikipedia.org/wiki/%E6%97%A5%E6%9C%AC%E3%81%AE%E5%9C%B0%E5%9F%13F
Kyoto,Admin,Region,Kinki,2020-04-11,,https://ja.wikipedia.org/wiki/%E6%97%A5%E6%9C%AC%E3%81%AE%E5%9C%B0%E5%9F%12F
Osaka,Admin,Region,Kinki,2020-04-11,,https://ja.wikipedia.org/wiki/%E6%97%A5%E6%9C%AC%E3%81%AE%E5%9C%B0%E5%9F%11F
Hyogo,Admin,Region,Kinki,2020-04-11,,https://ja.wikipedia.org/wiki/%E6%97%A5%E6%9C%AC%E3%81%AE%E5%9C%B0%E5%9F%10F
Nara,Admin,Region,Kinki,2020-04-11,,https://ja.wikipedia.org/wiki/%E6%97%A5%E6%9C%AC%E3%81%AE%E5%9C%B0%E5%9F%9F
Wakayama,Admin,Region,Kinki,2020-04-11,,https://ja.wikipedia.org/wiki/%E6%97%A5%E6%9C%AC%E3%81%AE%E5%9C%B0%E5%9F%8F
Tottori,Admin,Region,Chugoku,2020-04-11,,https://ja.wikipedia.org/wiki/%E6%97%A5%E6%9C%AC%E3%81%AE%E5%9C%B0%E5%9F%7F
Shimane,Admin,Region,Chugoku,2020-04-11,,https://ja.wikipedia.org/wiki/%E6%97%A5%E6%9C%AC%E3%81%AE%E5%9C%B0%E5%9F%6F
Okayama,Admin,Region,Chugoku,2020-04-11,,https://ja.wikipedia.org/wiki/%E6%97%A5%E6%9C%AC%E3%81%AE%E5%9C%B0%E5%9F%5F
Hiroshima,Admin,Region,Chugoku,2020-04-11,,https://ja.wikipedia.org/wiki/%E6%97%A5%E6%9C%AC%E3%81%AE%E5%9C%B0%E5%9F%4F
Yamaguchi,Admin,Region,Chugoku,2020-04-11,,https://ja.wikipedia.org/wiki/%E6%97%A5%E6%9C%AC%E3%81%AE%E5%9C%B0%E5%9F%3F
Tokushima,Admin,Region,Shikoku,2020-04-11,,https://ja.wikipedia.org/wiki/%E6%97%A5%E6%9C%AC%E3%81%AE%E5%9C%B0%E5%9F%2F
Kagawa,Admin,Region,Shikoku,2020-04-11,,https://ja.wikipedia.org/wiki/%E6%97%A5%E6%9C%AC%E3%81%AE%E5%9C%B0%E5%9F%1F
Ehime,Admin,Region,Shikoku,2020-04-11,,https://ja.wikipedia.org/wiki/%E6%97%A5%E6%9C%AC%E3%81%AE%E5%9C%B0%E5%9F%0F
Kochi,Admin,Region,Shikoku,2020-04-11,,https://ja.wikipedia.org/wiki/%E6%97%A5%E6%9C%AC%E3%81%AE%E5%9C%B0%E5%9F%1F
Fukuoka,Admin,Region,Kyushu,2020-04-11,,https://ja.wikipedia.org/wiki/%E6%97%A5%E6%9C%AC%E3%81%AE%E5%9C%B0%E5%9F%2F
Saga,Admin,Region,Kyushu,2020-04-11,,https://ja.wikipedia.org/wiki/%E6%97%A5%E6%9C%AC%E3%81%AE%E5%9C%B0%E5%9F%3F
Nagasaki,Admin,Region,Kyushu,2020-04-11,,https://ja.wikipedia.org/wiki/%E6%97%A5%E6%9C%AC%E3%81%AE%E5%9C%B0%E5%9F%4F
Kumamoto,Admin,Region,Kyushu,2020-04-11,,https://ja.wikipedia.org/wiki/%E6%97%A5%E6%9C%AC%E3%81%AE%E5%9C%B0%E5%9F%5F
Oita,Admin,Region,Kyushu,2020-04-11,,https://ja.wikipedia.org/wiki/%E6%97%A5%E6%9C%AC%E3%81%AE%E5%9C%B0%E5%9F%6F
Miyazaki,Admin,Region,Kyushu,2020-04-11,,https://ja.wikipedia.org/wiki/%E6%97%A5%E6%9C%AC%E3%81%AE%E5%9C%B0%E5%9F%7F
Kagoshima,Admin,Region,Kyushu,2020-04-11,,https://ja.wikipedia.org/wiki/%E6%97%A5%E6%9C%AC%E3%81%AE%E5%9C%B0%E5%9F%8F
Okinawa,Admin,Region,Okinawa,2020-04-11,,https://ja.wikipedia.org/wiki/%E6%97%A5%E6%9C%AC%E3%81%AE%E5%9C%B0%E5%9F%9F
Hokkaido,Admin,Num,1,2012-04-27,http://nlftp.mlit.go.jp/ksj/gml/codelist/PrefCd.html,
Aomori,Admin,Num,2,2012-04-27,http://nlftp.mlit.go.jp/ksj/gml/codelist/PrefCd.html,
Iwate,Admin,Num,3,2012-04-27,http://nlftp.mlit.go.jp/ksj/gml/codelist/PrefCd.html,
Miyagi,Admin,Num,4,2012-04-27,http://nlftp.mlit.go.jp/ksj/gml/codelist/PrefCd.html,
Akita,Admin,Num,5,2012-04-27,http://nlftp.mlit.go.jp/ksj/gml/codelist/PrefCd.html,
Yamagata,Admin,Num,6,2012-04-27,http://nlftp.mlit.go.jp/ksj/gml/codelist/PrefCd.html,
Fukushima,Admin,Num,7,2012-04-27,http://nlftp.mlit.go.jp/ksj/gml/codelist/PrefCd.html,
Ibaraki,Admin,Num,8,2012-04-27,http://nlftp.mlit.go.jp/ksj/gml/codelist/PrefCd.html,
Tochigi,Admin,Num,9,2012-04-27,http://nlftp.mlit.go.jp/ksj/gml/codelist/PrefCd.html,
Gunma,Admin,Num,10,2012-04-27,http://nlftp.mlit.go.jp/ksj/gml/codelist/PrefCd.html,
Saitama,Admin,Num,11,2012-04-27,http://nlftp.mlit.go.jp/ksj/gml/codelist/PrefCd.html,
Chiba,Admin,Num,12,2012-04-27,http://nlftp.mlit.go.jp/ksj/gml/codelist/PrefCd.html,
Tokyo,Admin,Num,13,2012-04-27,http://nlftp.mlit.go.jp/ksj/gml/codelist/PrefCd.html,
Kanagawa,Admin,Num,14,2012-04-27,http://nlftp.mlit.go.jp/ksj/gml/codelist/PrefCd.html,
Niigata,Admin,Num,15,2012-04-27,http://nlftp.mlit.go.jp/ksj/gml/codelist/PrefCd.html,
Toyama,Admin,Num,16,2012-04-27,http://nlftp.mlit.go.jp/ksj/gml/codelist/PrefCd.html,
Ishikawa,Admin,Num,17,2012-04-27,http://nlftp.mlit.go.jp/ksj/gml/codelist/PrefCd.html,
Fukui,Admin,Num,18,2012-04-27,http://nlftp.mlit.go.jp/ksj/gml/codelist/PrefCd.html,
Yamanashi,Admin,Num,19,2012-04-27,http://nlftp.mlit.go.jp/ksj/gml/codelist/PrefCd.html,
Nagano,Admin,Num,20,2012-04-27,http://nlftp.mlit.go.jp/ksj/gml/codelist/PrefCd.html,
Gifu,Admin,Num,21,2012-04-27,http://nlftp.mlit.go.jp/ksj/gml/codelist/PrefCd.html,
Shizuoka,Admin,Num,22,2012-04-27,http://nlftp.mlit.go.jp/ksj/gml/codelist/PrefCd.html,
Aichi,Admin,Num,23,2012-04-27,http://nlftp.mlit.go.jp/ksj/gml/codelist/PrefCd.html,
Mie,Admin,Num,24,2012-04-27,http://nlftp.mlit.go.jp/ksj/gml/codelist/PrefCd.html,
Shiga,Admin,Num,25,2012-04-27,http://nlftp.mlit.go.jp/ksj/gml/codelist/PrefCd.html,
Kyoto,Admin,Num,26,2012-04-27,http://nlftp.mlit.go.jp/ksj/gml/codelist/PrefCd.html,
Osaka,Admin,Num,27,2012-04-27,http://nlftp.mlit.go.jp/ksj/gml/codelist/PrefCd.html,
Hyogo,Admin,Num,28,2012-04-27,http://nlftp.mlit.go.jp/ksj/gml/codelist/PrefCd.html,
Nara,Admin,Num,29,2012-04-27,http://nlftp.mlit.go.jp/ksj/gml/codelist/PrefCd.html,
Wakayama,Admin,Num,30,2012-04-27,http://nlftp.mlit.go.jp/ksj/gml/codelist/PrefCd.html,
Tottori,Admin,Num,31,2012-04-27,http://nlftp.mlit.go.jp/ksj/gml/codelist/PrefCd.html,
Shimane,Admin,Num,32,2012-04-27,http://nlftp.mlit.go.jp/ksj/gml/codelist/PrefCd.html,
Okayama,Admin,Num,33,2012-04-27,http://nlftp.mlit.go.jp/ksj/gml/codelist/PrefCd.html,
Hiroshima,Admin,Num,34,2012-04-27,http://nlftp.mlit.go.jp/ksj/gml/codelist/PrefCd.html,
Yamaguchi,Admin,Num,35,2012-04-27,http://nlftp.mlit.go.jp/ksj/gml/codelist/PrefCd.html,
Tokushima,Admin,Num,36,2012-04-27,http://nlftp.mlit.go.jp/ksj/gml/codelist/PrefCd.html,
Kagawa,Admin,Num,37,2012-04-27,http://nlftp.mlit.go.jp/ksj/gml/codelist/PrefCd.html,
Ehime,Admin,Num,38,2012-04-27,http://nlftp.mlit.go.jp/ksj/gml/codelist/PrefCd.html,
Kochi,Admin,Num,39,2012-04-27,http://nlftp.mlit.go.jp/ksj/gml/codelist/PrefCd.html,
Fukuoka,Admin,Num,40,2012-04-27,http://nlftp.mlit.go.jp/ksj/gml/codelist/PrefCd.html,
Saga,Admin,Num,41,2012-04-27,http://nlftp.mlit.go.jp/ksj/gml/codelist/PrefCd.html,
Nagasaki,Admin,Num,42,2012-04-27,http://nlftp.mlit.go.jp/ksj/gml/codelist/PrefCd.html,
Kumamoto,Admin,Num,43,2012-04-27,http://nlftp.mlit.go.jp/ksj/gml/codelist/PrefCd.html,
Oita,Admin,Num,44,2012-04-27,http://nlftp.mlit.go.jp/ksj/gml/codelist/PrefCd.html,
Miyazaki,Admin,Num,45,2012-04-27,http://nlftp.mlit.go.jp/ksj/gml/codelist/PrefCd.html,
Kagoshima,Admin,Num,46,2012-04-27,http://nlftp.mlit.go.jp/ksj/gml/codelist/PrefCd.html,
Okinawa,Admin,Num,47,2012-04-27,http://nlftp.mlit.go.jp/ksj/gml/codelist/PrefCd.html,
